officer_id,full_name,rank,district,police_station,email,role,profile_image
KSP00001,Manoj Hegde,ASI,Tumakuru,Tumakuru East PS,manoj.hegde1@ksp.gov.in,Officer,
KSP00002,Aditya Singh,Head Constable,Chikkamagaluru,Chikkamagaluru Traffic PS,aditya.singh2@ksp.gov.in,Officer,
KSP00003,Pooja Patil,Head Constable,Hassan,Hassan Women PS,pooja.patil3@ksp.gov.in,Officer,
KSP00004,Asha Sharma,Inspector,Mangaluru,Mangaluru North PS,asha.sharma4@ksp.gov.in,Admin,
KSP00005,Rahul Shetty,DySP,Mysuru,Mysuru Rural PS,rahul.shetty5@ksp.gov.in,Officer,
KSP00006,Ananya Reddy,Constable,Davanagere,Davanagere East PS,ananya.reddy6@ksp.gov.in,Supervisor,
KSP00007,Asha Reddy,ACP,Hubballi,Hubballi Town PS,asha.reddy7@ksp.gov.in,Officer,
KSP00008,Nisha Nair,DySP,Kalaburagi,Kalaburagi Rural PS,nisha.nair8@ksp.gov.in,Officer,
KSP00009,Priya Naik,DySP,Hubballi,Hubballi Rural PS,priya.naik9@ksp.gov.in,Supervisor,
KSP00010,Priya Verma,DySP,Ballari,Ballari West PS,priya.verma10@ksp.gov.in,Admin,
KSP00011,Aditya Singh,DySP,Belagavi,Belagavi Traffic PS,aditya.singh11@ksp.gov.in,Admin,
KSP00012,Vivaan Verma,Inspector,Mandya,Mandya Town PS,vivaan.verma12@ksp.gov.in,Supervisor,
KSP00013,Deepa Gowda,Constable,Kolar,Kolar Central PS,deepa.gowda13@ksp.gov.in,Supervisor,
KSP00014,Ananya Sharma,Constable,Kodagu,Kodagu Rural PS,ananya.sharma14@ksp.gov.in,Supervisor,
KSP00015,Divya Bhat,DySP,Chikkamagaluru,Chikkamagaluru East PS,divya.bhat15@ksp.gov.in,Officer,
KSP00016,Rohit Gowda,ASI,Kalaburagi,Kalaburagi Central PS,rohit.gowda16@ksp.gov.in,Officer,
KSP00017,Kiran Nair,SI,Ballari,Ballari Women PS,kiran.nair17@ksp.gov.in,Supervisor,
KSP00018,Rahul Singh,Head Constable,Mandya,Mandya South PS,rahul.singh18@ksp.gov.in,Admin,
KSP00019,Vikram Rao,DySP,Kalaburagi,Kalaburagi Town PS,vikram.rao19@ksp.gov.in,Officer,
KSP00020,Ananya Patil,SI,Bengaluru Urban,Bengaluru Women PS,ananya.patil20@ksp.gov.in,Officer,
KSP00021,Pooja Rao,ACP,Hassan,Hassan Town PS,pooja.rao21@ksp.gov.in,Admin,
KSP00022,Asha Rao,Head Constable,Mandya,Mandya East PS,asha.rao22@ksp.gov.in,Officer,
KSP00023,Vikram Rao,Inspector,Udupi,Udupi Traffic PS,vikram.rao23@ksp.gov.in,Officer,
KSP00024,Divya Gowda,Constable,Shivamogga,Shivamogga Traffic PS,divya.gowda24@ksp.gov.in,Officer,
KSP00025,Kavya Bhat,SI,Vijayapura,Vijayapura Cyber PS,kavya.bhat25@ksp.gov.in,Officer,
KSP00026,Nisha Patil,Inspector,Raichur,Raichur South PS,nisha.patil26@ksp.gov.in,Officer,
KSP00027,Sneha Nair,DySP,Mysuru,Mysuru Rural PS,sneha.nair27@ksp.gov.in,Officer,
KSP00028,Deepa Kumar,SI,Mandya,Mandya Town PS,deepa.kumar28@ksp.gov.in,Admin,
KSP00029,Asha Kulkarni,Head Constable,Vijayapura,Vijayapura Rural PS,asha.kulkarni29@ksp.gov.in,Admin,
KSP00030,Suresh Rao,SI,Kalaburagi,Kalaburagi Rural PS,suresh.rao30@ksp.gov.in,Supervisor,
KSP00031,Kavya Shetty,SI,Vijayapura,Vijayapura Central PS,kavya.shetty31@ksp.gov.in,Supervisor,
KSP00032,Vivaan Rao,Inspector,Tumakuru,Tumakuru Traffic PS,vivaan.rao32@ksp.gov.in,Admin,
KSP00033,Nisha Patil,ASI,Dharwad,Dharwad Women PS,nisha.patil33@ksp.gov.in,Officer,
KSP00034,Vikram Kulkarni,Constable,Hubballi,Hubballi West PS,vikram.kulkarni34@ksp.gov.in,Admin,
KSP00035,Rahul Kulkarni,Constable,Tumakuru,Tumakuru South PS,rahul.kulkarni35@ksp.gov.in,Officer,
KSP00036,Nisha Sharma,ASI,Hubballi,Hubballi Rural PS,nisha.sharma36@ksp.gov.in,Supervisor,
KSP00037,Megha Kulkarni,DySP,Hassan,Hassan North PS,megha.kulkarni37@ksp.gov.in,Supervisor,
KSP00038,Ananya Reddy,SI,Udupi,Udupi Women PS,ananya.reddy38@ksp.gov.in,Supervisor,
KSP00039,Aarav Joshi,Head Constable,Mysuru,Mysuru Rural PS,aarav.joshi39@ksp.gov.in,Supervisor,
KSP00040,Vikram Rao,SI,Mysuru,Mysuru Town PS,vikram.rao40@ksp.gov.in,Officer,
KSP00041,Rohit Kulkarni,Head Constable,Udupi,Udupi West PS,rohit.kulkarni41@ksp.gov.in,Admin,
KSP00042,Suresh Naik,Constable,Mangaluru,Mangaluru Women PS,suresh.naik42@ksp.gov.in,Officer,
KSP00043,Rohit Nair,Constable,Davanagere,Davanagere Town PS,rohit.nair43@ksp.gov.in,Supervisor,
KSP00044,Arjun Nair,DySP,Ballari,Ballari West PS,arjun.nair44@ksp.gov.in,Admin,
KSP00045,Nisha Shetty,ASI,Tumakuru,Tumakuru Rural PS,nisha.shetty45@ksp.gov.in,Supervisor,
KSP00046,Nisha Nair,ASI,Bengaluru Rural,Bengaluru Women PS,nisha.nair46@ksp.gov.in,Admin,
KSP00047,Manoj Patil,DySP,Kodagu,Kodagu Central PS,manoj.patil47@ksp.gov.in,Supervisor,
KSP00048,Rohit Kulkarni,Inspector,Kolar,Kolar North PS,rohit.kulkarni48@ksp.gov.in,Admin,
KSP00049,Aarav Kumar,Head Constable,Mysuru,Mysuru Central PS,aarav.kumar49@ksp.gov.in,Officer,
KSP00050,Megha Shetty,Constable,Shivamogga,Shivamogga Women PS,megha.shetty50@ksp.gov.in,Officer,
KSP00051,Megha Naik,Constable,Kalaburagi,Kalaburagi North PS,megha.naik51@ksp.gov.in,Admin,
KSP00052,Nisha Joshi,Constable,Mandya,Mandya Cyber PS,nisha.joshi52@ksp.gov.in,Admin,
KSP00053,Sneha Bhat,DySP,Kolar,Kolar Traffic PS,sneha.bhat53@ksp.gov.in,Officer,
KSP00054,Pooja Gowda,Inspector,Ballari,Ballari South PS,pooja.gowda54@ksp.gov.in,Officer,
KSP00055,Aditya Reddy,DySP,Ballari,Ballari Cyber PS,aditya.reddy55@ksp.gov.in,Officer,
KSP00056,Rahul Kumar,SI,Ballari,Ballari Rural PS,rahul.kumar56@ksp.gov.in,Admin,
KSP00057,Asha Naik,Constable,Mysuru,Mysuru West PS,asha.naik57@ksp.gov.in,Officer,
KSP00058,Arjun Nair,Head Constable,Ballari,Ballari Rural PS,arjun.nair58@ksp.gov.in,Admin,
KSP00059,Deepa Nair,Constable,Kodagu,Kodagu Cyber PS,deepa.nair59@ksp.gov.in,Officer,
KSP00060,Kiran Joshi,SI,Bengaluru Urban,Bengaluru South PS,kiran.joshi60@ksp.gov.in,Officer,
KSP00061,Ananya Shetty,ASI,Bengaluru Rural,Bengaluru Women PS,ananya.shetty61@ksp.gov.in,Officer,
KSP00062,Priya Naik,SI,Davanagere,Davanagere Rural PS,priya.naik62@ksp.gov.in,Supervisor,
KSP00063,Arjun Nair,SI,Mysuru,Mysuru South PS,arjun.nair63@ksp.gov.in,Supervisor,
KSP00064,Asha Sharma,Head Constable,Mangaluru,Mangaluru Rural PS,asha.sharma64@ksp.gov.in,Supervisor,
KSP00065,Pooja Rao,DySP,Hassan,Hassan West PS,pooja.rao65@ksp.gov.in,Supervisor,
KSP00066,Vivaan Singh,SI,Kodagu,Kodagu Town PS,vivaan.singh66@ksp.gov.in,Supervisor,
KSP00067,Vivaan Kulkarni,Head Constable,Mangaluru,Mangaluru Cyber PS,vivaan.kulkarni67@ksp.gov.in,Admin,
KSP00068,Suresh Hegde,Inspector,Davanagere,Davanagere East PS,suresh.hegde68@ksp.gov.in,Admin,
KSP00069,Divya Singh,ASI,Vijayapura,Vijayapura Rural PS,divya.singh69@ksp.gov.in,Supervisor,
KSP00070,Rohit Gowda,Constable,Hassan,Hassan Rural PS,rohit.gowda70@ksp.gov.in,Admin,
KSP00071,Rahul Patil,Inspector,Shivamogga,Shivamogga West PS,rahul.patil71@ksp.gov.in,Supervisor,
KSP00072,Deepa Singh,Head Constable,Mandya,Mandya Cyber PS,deepa.singh72@ksp.gov.in,Admin,
KSP00073,Rahul Kumar,ASI,Hubballi,Hubballi South PS,rahul.kumar73@ksp.gov.in,Admin,
KSP00074,Deepa Patil,Head Constable,Mandya,Mandya Cyber PS,deepa.patil74@ksp.gov.in,Admin,
KSP00075,Sneha Sharma,Constable,Raichur,Raichur Cyber PS,sneha.sharma75@ksp.gov.in,Officer,
KSP00076,Arjun Reddy,Head Constable,Belagavi,Belagavi East PS,arjun.reddy76@ksp.gov.in,Admin,
KSP00077,Sneha Rao,DySP,Mysuru,Mysuru South PS,sneha.rao77@ksp.gov.in,Officer,
KSP00078,Arjun Joshi,ACP,Mandya,Mandya Women PS,arjun.joshi78@ksp.gov.in,Admin,
KSP00079,Priya Rao,ASI,Kalaburagi,Kalaburagi Rural PS,priya.rao79@ksp.gov.in,Officer,
KSP00080,Sneha Rao,Head Constable,Bengaluru Rural,Bengaluru Town PS,sneha.rao80@ksp.gov.in,Officer,
KSP00081,Rahul Hegde,ACP,Udupi,Udupi Cyber PS,rahul.hegde81@ksp.gov.in,Supervisor,
KSP00082,Aditya Verma,Constable,Chikkamagaluru,Chikkamagaluru East PS,aditya.verma82@ksp.gov.in,Supervisor,
KSP00083,Nisha Nair,Inspector,Kalaburagi,Kalaburagi Traffic PS,nisha.nair83@ksp.gov.in,Supervisor,
KSP00084,Divya Shetty,ASI,Tumakuru,Tumakuru Cyber PS,divya.shetty84@ksp.gov.in,Officer,
KSP00085,Kavya Kulkarni,Inspector,Belagavi,Belagavi Rural PS,kavya.kulkarni85@ksp.gov.in,Supervisor,
KSP00086,Asha Nair,Head Constable,Bengaluru Urban,Bengaluru Rural PS,asha.nair86@ksp.gov.in,Supervisor,
KSP00087,Rohit Nair,SI,Vijayapura,Vijayapura East PS,rohit.nair87@ksp.gov.in,Admin,
KSP00088,Arjun Rao,DySP,Bengaluru Urban,Bengaluru North PS,arjun.rao88@ksp.gov.in,Officer,
KSP00089,Rahul Gowda,Head Constable,Hubballi,Hubballi Cyber PS,rahul.gowda89@ksp.gov.in,Officer,
KSP00090,Sneha Joshi,Inspector,Davanagere,Davanagere East PS,sneha.joshi90@ksp.gov.in,Supervisor,
KSP00091,Aditya Nair,SI,Davanagere,Davanagere Town PS,aditya.nair91@ksp.gov.in,Officer,
KSP00092,Suresh Reddy,DySP,Kalaburagi,Kalaburagi Rural PS,suresh.reddy92@ksp.gov.in,Officer,
KSP00093,Nisha Patil,Inspector,Mandya,Mandya Cyber PS,nisha.patil93@ksp.gov.in,Admin,
KSP00094,Divya Sharma,ASI,Kodagu,Kodagu Women PS,divya.sharma94@ksp.gov.in,Supervisor,
KSP00095,Rahul Verma,ACP,Shivamogga,Shivamogga Traffic PS,rahul.verma95@ksp.gov.in,Admin,
KSP00096,Kiran Singh,ASI,Kodagu,Kodagu Traffic PS,kiran.singh96@ksp.gov.in,Officer,
KSP00097,Nisha Patil,Head Constable,Tumakuru,Tumakuru Women PS,nisha.patil97@ksp.gov.in,Supervisor,
KSP00098,Pooja Patil,DySP,Davanagere,Davanagere Town PS,pooja.patil98@ksp.gov.in,Supervisor,
KSP00099,Pooja Patil,ACP,Chikkamagaluru,Chikkamagaluru Town PS,pooja.patil99@ksp.gov.in,Officer,
KSP00100,Kiran Sharma,Constable,Mysuru,Mysuru Women PS,kiran.sharma100@ksp.gov.in,Supervisor,
KSP00101,Ananya Nair,SI,Mangaluru,Mangaluru Traffic PS,ananya.nair101@ksp.gov.in,Officer,
KSP00102,Arjun Naik,DySP,Kolar,Kolar Traffic PS,arjun.naik102@ksp.gov.in,Admin,
KSP00103,Nisha Verma,ASI,Kolar,Kolar South PS,nisha.verma103@ksp.gov.in,Officer,
KSP00104,Deepa Nair,Inspector,Belagavi,Belagavi North PS,deepa.nair104@ksp.gov.in,Supervisor,
KSP00105,Divya Rao,SI,Ballari,Ballari Women PS,divya.rao105@ksp.gov.in,Supervisor,
KSP00106,Nisha Rao,ASI,Kalaburagi,Kalaburagi Town PS,nisha.rao106@ksp.gov.in,Admin,
KSP00107,Priya Nair,SI,Hassan,Hassan North PS,priya.nair107@ksp.gov.in,Supervisor,
KSP00108,Megha Nair,Inspector,Mandya,Mandya Rural PS,megha.nair108@ksp.gov.in,Officer,
KSP00109,Sneha Sharma,Head Constable,Bengaluru Rural,Bengaluru Rural PS,sneha.sharma109@ksp.gov.in,Officer,
KSP00110,Pooja Naik,ACP,Mandya,Mandya North PS,pooja.naik110@ksp.gov.in,Admin,
KSP00111,Manoj Shetty,ACP,Kolar,Kolar Traffic PS,manoj.shetty111@ksp.gov.in,Supervisor,
KSP00112,Kiran Hegde,ACP,Kodagu,Kodagu Cyber PS,kiran.hegde112@ksp.gov.in,Supervisor,
KSP00113,Manoj Joshi,Constable,Vijayapura,Vijayapura East PS,manoj.joshi113@ksp.gov.in,Admin,
KSP00114,Suresh Sharma,Head Constable,Bengaluru Rural,Bengaluru East PS,suresh.sharma114@ksp.gov.in,Admin,
KSP00115,Kavya Rao,ASI,Bengaluru Rural,Bengaluru South PS,kavya.rao115@ksp.gov.in,Officer,
KSP00116,Suresh Kumar,SI,Mangaluru,Mangaluru Cyber PS,suresh.kumar116@ksp.gov.in,Admin,
KSP00117,Kiran Kulkarni,SI,Bengaluru Urban,Bengaluru South PS,kiran.kulkarni117@ksp.gov.in,Officer,
KSP00118,Kiran Kulkarni,DySP,Kodagu,Kodagu Central PS,kiran.kulkarni118@ksp.gov.in,Supervisor,
KSP00119,Manoj Rao,SI,Kodagu,Kodagu Women PS,manoj.rao119@ksp.gov.in,Supervisor,
KSP00120,Deepa Kulkarni,Inspector,Kalaburagi,Kalaburagi West PS,deepa.kulkarni120@ksp.gov.in,Admin,
KSP00121,Pooja Nair,ACP,Bengaluru Urban,Bengaluru North PS,pooja.nair121@ksp.gov.in,Admin,
KSP00122,Vikram Naik,SI,Raichur,Raichur East PS,vikram.naik122@ksp.gov.in,Officer,
KSP00123,Megha Shetty,Constable,Kalaburagi,Kalaburagi Cyber PS,megha.shetty123@ksp.gov.in,Admin,
KSP00124,Asha Verma,Head Constable,Tumakuru,Tumakuru East PS,asha.verma124@ksp.gov.in,Admin,
KSP00125,Deepa Sharma,Head Constable,Kalaburagi,Kalaburagi Cyber PS,deepa.sharma125@ksp.gov.in,Supervisor,
KSP00126,Kavya Patil,DySP,Belagavi,Belagavi Town PS,kavya.patil126@ksp.gov.in,Admin,
KSP00127,Pooja Bhat,Head Constable,Hassan,Hassan Women PS,pooja.bhat127@ksp.gov.in,Admin,
KSP00128,Ananya Reddy,Constable,Vijayapura,Vijayapura North PS,ananya.reddy128@ksp.gov.in,Supervisor,
KSP00129,Asha Singh,Inspector,Hubballi,Hubballi North PS,asha.singh129@ksp.gov.in,Officer,
KSP00130,Ananya Patil,SI,Vijayapura,Vijayapura Central PS,ananya.patil130@ksp.gov.in,Officer,
KSP00131,Suresh Gowda,DySP,Hubballi,Hubballi Rural PS,suresh.gowda131@ksp.gov.in,Officer,
KSP00132,Sneha Singh,SI,Raichur,Raichur Town PS,sneha.singh132@ksp.gov.in,Officer,
KSP00133,Pooja Gowda,Head Constable,Dharwad,Dharwad Women PS,pooja.gowda133@ksp.gov.in,Officer,
KSP00134,Vikram Patil,SI,Kolar,Kolar Central PS,vikram.patil134@ksp.gov.in,Officer,
KSP00135,Arjun Hegde,Inspector,Raichur,Raichur Traffic PS,arjun.hegde135@ksp.gov.in,Supervisor,
KSP00136,Kiran Verma,Inspector,Hubballi,Hubballi North PS,kiran.verma136@ksp.gov.in,Officer,
KSP00137,Vivaan Rao,Constable,Tumakuru,Tumakuru Cyber PS,vivaan.rao137@ksp.gov.in,Officer,
KSP00138,Kavya Hegde,Head Constable,Kolar,Kolar South PS,kavya.hegde138@ksp.gov.in,Supervisor,
KSP00139,Priya Hegde,SI,Kolar,Kolar Rural PS,priya.hegde139@ksp.gov.in,Admin,
KSP00140,Aarav Nair,ACP,Belagavi,Belagavi Rural PS,aarav.nair140@ksp.gov.in,Supervisor,
KSP00141,Aarav Kulkarni,Head Constable,Mysuru,Mysuru Cyber PS,aarav.kulkarni141@ksp.gov.in,Supervisor,
KSP00142,Manoj Sharma,Inspector,Vijayapura,Vijayapura Rural PS,manoj.sharma142@ksp.gov.in,Admin,
KSP00143,Ananya Joshi,Head Constable,Hubballi,Hubballi Central PS,ananya.joshi143@ksp.gov.in,Admin,
KSP00144,Kiran Shetty,Constable,Bengaluru Urban,Bengaluru South PS,kiran.shetty144@ksp.gov.in,Supervisor,
KSP00145,Deepa Naik,SI,Tumakuru,Tumakuru North PS,deepa.naik145@ksp.gov.in,Supervisor,
KSP00146,Aditya Naik,Inspector,Chikkamagaluru,Chikkamagaluru Women PS,aditya.naik146@ksp.gov.in,Officer,
KSP00147,Vivaan Shetty,Inspector,Belagavi,Belagavi Women PS,vivaan.shetty147@ksp.gov.in,Officer,
KSP00148,Priya Patil,Head Constable,Kalaburagi,Kalaburagi North PS,priya.patil148@ksp.gov.in,Supervisor,
KSP00149,Vikram Shetty,Inspector,Vijayapura,Vijayapura Women PS,vikram.shetty149@ksp.gov.in,Supervisor,
KSP00150,Rahul Patil,SI,Kodagu,Kodagu Central PS,rahul.patil150@ksp.gov.in,Supervisor,
KSP00151,Vikram Sharma,DySP,Dharwad,Dharwad Central PS,vikram.sharma151@ksp.gov.in,Supervisor,
KSP00152,Deepa Gowda,SI,Kodagu,Kodagu Central PS,deepa.gowda152@ksp.gov.in,Admin,
KSP00153,Sneha Nair,ACP,Shivamogga,Shivamogga Traffic PS,sneha.nair153@ksp.gov.in,Officer,
KSP00154,Aarav Naik,Head Constable,Mangaluru,Mangaluru Women PS,aarav.naik154@ksp.gov.in,Officer,
KSP00155,Vikram Nair,ACP,Tumakuru,Tumakuru East PS,vikram.nair155@ksp.gov.in,Supervisor,
KSP00156,Aarav Rao,Head Constable,Davanagere,Davanagere East PS,aarav.rao156@ksp.gov.in,Supervisor,
KSP00157,Nisha Naik,Constable,Ballari,Ballari West PS,nisha.naik157@ksp.gov.in,Officer,
KSP00158,Nisha Hegde,Head Constable,Raichur,Raichur South PS,nisha.hegde158@ksp.gov.in,Admin,
KSP00159,Rahul Naik,DySP,Kolar,Kolar Central PS,rahul.naik159@ksp.gov.in,Officer,
KSP00160,Suresh Naik,Inspector,Mandya,Mandya North PS,suresh.naik160@ksp.gov.in,Admin,
KSP00161,Priya Nair,SI,Vijayapura,Vijayapura Women PS,priya.nair161@ksp.gov.in,Supervisor,
KSP00162,Deepa Naik,Head Constable,Kalaburagi,Kalaburagi Traffic PS,deepa.naik162@ksp.gov.in,Admin,
KSP00163,Rohit Hegde,DySP,Mangaluru,Mangaluru Rural PS,rohit.hegde163@ksp.gov.in,Supervisor,
KSP00164,Vikram Singh,ACP,Shivamogga,Shivamogga Women PS,vikram.singh164@ksp.gov.in,Officer,
KSP00165,Arjun Verma,ACP,Kodagu,Kodagu East PS,arjun.verma165@ksp.gov.in,Officer,
KSP00166,Ananya Nair,ASI,Mysuru,Mysuru North PS,ananya.nair166@ksp.gov.in,Officer,
KSP00167,Vikram Singh,ACP,Vijayapura,Vijayapura East PS,vikram.singh167@ksp.gov.in,Supervisor,
KSP00168,Suresh Naik,Head Constable,Bengaluru Urban,Bengaluru East PS,suresh.naik168@ksp.gov.in,Officer,
KSP00169,Vikram Hegde,Constable,Hubballi,Hubballi Cyber PS,vikram.hegde169@ksp.gov.in,Supervisor,
KSP00170,Suresh Sharma,SI,Kolar,Kolar Cyber PS,suresh.sharma170@ksp.gov.in,Admin,
KSP00171,Rahul Reddy,SI,Ballari,Ballari Traffic PS,rahul.reddy171@ksp.gov.in,Officer,
KSP00172,Sneha Gowda,ACP,Udupi,Udupi Cyber PS,sneha.gowda172@ksp.gov.in,Supervisor,
KSP00173,Sneha Verma,ACP,Hassan,Hassan South PS,sneha.verma173@ksp.gov.in,Officer,
KSP00174,Vikram Gowda,SI,Kalaburagi,Kalaburagi Cyber PS,vikram.gowda174@ksp.gov.in,Admin,
KSP00175,Priya Naik,ASI,Dharwad,Dharwad Women PS,priya.naik175@ksp.gov.in,Supervisor,
KSP00176,Priya Reddy,SI,Kalaburagi,Kalaburagi West PS,priya.reddy176@ksp.gov.in,Supervisor,
KSP00177,Arjun Hegde,SI,Kalaburagi,Kalaburagi Central PS,arjun.hegde177@ksp.gov.in,Officer,
KSP00178,Asha Rao,Constable,Hubballi,Hubballi East PS,asha.rao178@ksp.gov.in,Admin,
KSP00179,Priya Rao,ACP,Vijayapura,Vijayapura Town PS,priya.rao179@ksp.gov.in,Admin,
KSP00180,Deepa Singh,SI,Kalaburagi,Kalaburagi Central PS,deepa.singh180@ksp.gov.in,Admin,
KSP00181,Sneha Verma,DySP,Hubballi,Hubballi Traffic PS,sneha.verma181@ksp.gov.in,Supervisor,
KSP00182,Asha Shetty,ASI,Vijayapura,Vijayapura Central PS,asha.shetty182@ksp.gov.in,Officer,
KSP00183,Asha Verma,Inspector,Udupi,Udupi West PS,asha.verma183@ksp.gov.in,Admin,
KSP00184,Asha Shetty,Head Constable,Vijayapura,Vijayapura Town PS,asha.shetty184@ksp.gov.in,Officer,
KSP00185,Divya Hegde,DySP,Chikkamagaluru,Chikkamagaluru Central PS,divya.hegde185@ksp.gov.in,Supervisor,
KSP00186,Ananya Shetty,DySP,Hubballi,Hubballi Central PS,ananya.shetty186@ksp.gov.in,Supervisor,
KSP00187,Megha Kulkarni,Constable,Udupi,Udupi Town PS,megha.kulkarni187@ksp.gov.in,Admin,
KSP00188,Rohit Bhat,ACP,Dharwad,Dharwad Town PS,rohit.bhat188@ksp.gov.in,Supervisor,
KSP00189,Priya Naik,ASI,Mandya,Mandya Traffic PS,priya.naik189@ksp.gov.in,Supervisor,
KSP00190,Deepa Patil,SI,Vijayapura,Vijayapura Central PS,deepa.patil190@ksp.gov.in,Admin,
KSP00191,Ananya Kulkarni,SI,Mangaluru,Mangaluru South PS,ananya.kulkarni191@ksp.gov.in,Officer,
KSP00192,Asha Kumar,Constable,Davanagere,Davanagere Town PS,asha.kumar192@ksp.gov.in,Officer,
KSP00193,Aditya Patil,Constable,Mysuru,Mysuru Traffic PS,aditya.patil193@ksp.gov.in,Officer,
KSP00194,Aarav Rao,Inspector,Kolar,Kolar Traffic PS,aarav.rao194@ksp.gov.in,Supervisor,
KSP00195,Aditya Patil,Inspector,Hassan,Hassan Traffic PS,aditya.patil195@ksp.gov.in,Supervisor,
KSP00196,Rohit Singh,ACP,Tumakuru,Tumakuru South PS,rohit.singh196@ksp.gov.in,Officer,
KSP00197,Deepa Reddy,ASI,Kolar,Kolar Central PS,deepa.reddy197@ksp.gov.in,Officer,
KSP00198,Divya Naik,ASI,Davanagere,Davanagere East PS,divya.naik198@ksp.gov.in,Officer,
KSP00199,Asha Kulkarni,Inspector,Chikkamagaluru,Chikkamagaluru Women PS,asha.kulkarni199@ksp.gov.in,Officer,
KSP00200,Pooja Joshi,ASI,Mandya,Mandya Central PS,pooja.joshi200@ksp.gov.in,Admin,
KSP00201,Nisha Gowda,ASI,Shivamogga,Shivamogga Central PS,nisha.gowda201@ksp.gov.in,Supervisor,
KSP00202,Kiran Rao,SI,Ballari,Ballari Town PS,kiran.rao202@ksp.gov.in,Officer,
KSP00203,Vivaan Joshi,SI,Tumakuru,Tumakuru Women PS,vivaan.joshi203@ksp.gov.in,Supervisor,
KSP00204,Ananya Singh,SI,Hubballi,Hubballi West PS,ananya.singh204@ksp.gov.in,Admin,
KSP00205,Aditya Sharma,Inspector,Mysuru,Mysuru Cyber PS,aditya.sharma205@ksp.gov.in,Supervisor,
KSP00206,Rohit Kumar,ACP,Chikkamagaluru,Chikkamagaluru South PS,rohit.kumar206@ksp.gov.in,Officer,
KSP00207,Kavya Verma,DySP,Udupi,Udupi Town PS,kavya.verma207@ksp.gov.in,Admin,
KSP00208,Divya Bhat,Inspector,Tumakuru,Tumakuru Women PS,divya.bhat208@ksp.gov.in,Admin,
KSP00209,Pooja Nair,ACP,Belagavi,Belagavi Traffic PS,pooja.nair209@ksp.gov.in,Officer,
KSP00210,Asha Gowda,Head Constable,Kalaburagi,Kalaburagi Traffic PS,asha.gowda210@ksp.gov.in,Supervisor,
KSP00211,Deepa Patil,ACP,Dharwad,Dharwad Traffic PS,deepa.patil211@ksp.gov.in,Supervisor,
KSP00212,Suresh Gowda,SI,Mysuru,Mysuru Women PS,suresh.gowda212@ksp.gov.in,Admin,
KSP00213,Nisha Hegde,SI,Chikkamagaluru,Chikkamagaluru North PS,nisha.hegde213@ksp.gov.in,Officer,
KSP00214,Arjun Hegde,ACP,Kolar,Kolar Rural PS,arjun.hegde214@ksp.gov.in,Admin,
KSP00215,Suresh Reddy,SI,Tumakuru,Tumakuru East PS,suresh.reddy215@ksp.gov.in,Officer,
KSP00216,Megha Gowda,Head Constable,Hubballi,Hubballi North PS,megha.gowda216@ksp.gov.in,Admin,
KSP00217,Divya Naik,Inspector,Kalaburagi,Kalaburagi Rural PS,divya.naik217@ksp.gov.in,Supervisor,
KSP00218,Rahul Bhat,Head Constable,Kolar,Kolar West PS,rahul.bhat218@ksp.gov.in,Supervisor,
KSP00219,Kiran Bhat,Constable,Dharwad,Dharwad South PS,kiran.bhat219@ksp.gov.in,Supervisor,
KSP00220,Vikram Reddy,Inspector,Kodagu,Kodagu Town PS,vikram.reddy220@ksp.gov.in,Admin,
KSP00221,Pooja Singh,Constable,Mandya,Mandya Women PS,pooja.singh221@ksp.gov.in,Officer,
KSP00222,Deepa Hegde,Inspector,Kalaburagi,Kalaburagi Women PS,deepa.hegde222@ksp.gov.in,Admin,
KSP00223,Sneha Naik,ACP,Udupi,Udupi Central PS,sneha.naik223@ksp.gov.in,Officer,
KSP00224,Nisha Hegde,Inspector,Udupi,Udupi Central PS,nisha.hegde224@ksp.gov.in,Supervisor,
KSP00225,Arjun Patil,ACP,Udupi,Udupi Town PS,arjun.patil225@ksp.gov.in,Supervisor,
KSP00226,Megha Joshi,Inspector,Davanagere,Davanagere Cyber PS,megha.joshi226@ksp.gov.in,Officer,
KSP00227,Vivaan Joshi,ASI,Ballari,Ballari Traffic PS,vivaan.joshi227@ksp.gov.in,Admin,
KSP00228,Vivaan Sharma,Head Constable,Mandya,Mandya Traffic PS,vivaan.sharma228@ksp.gov.in,Officer,
KSP00229,Manoj Reddy,Inspector,Dharwad,Dharwad West PS,manoj.reddy229@ksp.gov.in,Officer,
KSP00230,Divya Rao,ACP,Belagavi,Belagavi Rural PS,divya.rao230@ksp.gov.in,Officer,
KSP00231,Aditya Reddy,Head Constable,Raichur,Raichur Traffic PS,aditya.reddy231@ksp.gov.in,Admin,
KSP00232,Pooja Bhat,Head Constable,Tumakuru,Tumakuru Women PS,pooja.bhat232@ksp.gov.in,Supervisor,
KSP00233,Deepa Rao,Constable,Dharwad,Dharwad Town PS,deepa.rao233@ksp.gov.in,Officer,
KSP00234,Priya Singh,SI,Mandya,Mandya Rural PS,priya.singh234@ksp.gov.in,Admin,
KSP00235,Pooja Patil,Constable,Mandya,Mandya Rural PS,pooja.patil235@ksp.gov.in,Supervisor,
KSP00236,Pooja Sharma,SI,Vijayapura,Vijayapura Cyber PS,pooja.sharma236@ksp.gov.in,Officer,
KSP00237,Divya Nair,ACP,Dharwad,Dharwad West PS,divya.nair237@ksp.gov.in,Supervisor,
KSP00238,Kiran Rao,ASI,Bengaluru Urban,Bengaluru Central PS,kiran.rao238@ksp.gov.in,Supervisor,
KSP00239,Aarav Singh,DySP,Davanagere,Davanagere Central PS,aarav.singh239@ksp.gov.in,Supervisor,
KSP00240,Aditya Gowda,Constable,Kodagu,Kodagu North PS,aditya.gowda240@ksp.gov.in,Supervisor,
KSP00241,Rahul Nair,Head Constable,Vijayapura,Vijayapura Traffic PS,rahul.nair241@ksp.gov.in,Officer,
KSP00242,Arjun Singh,ACP,Tumakuru,Tumakuru Central PS,arjun.singh242@ksp.gov.in,Supervisor,
KSP00243,Vivaan Patil,DySP,Mangaluru,Mangaluru Central PS,vivaan.patil243@ksp.gov.in,Admin,
KSP00244,Arjun Verma,Inspector,Hubballi,Hubballi Cyber PS,arjun.verma244@ksp.gov.in,Officer,
KSP00245,Megha Kulkarni,Head Constable,Bengaluru Urban,Bengaluru South PS,megha.kulkarni245@ksp.gov.in,Supervisor,
KSP00246,Asha Kulkarni,ACP,Hubballi,Hubballi North PS,asha.kulkarni246@ksp.gov.in,Admin,
KSP00247,Asha Joshi,ACP,Kalaburagi,Kalaburagi Traffic PS,asha.joshi247@ksp.gov.in,Officer,
KSP00248,Aarav Nair,ASI,Kalaburagi,Kalaburagi Women PS,aarav.nair248@ksp.gov.in,Supervisor,
KSP00249,Suresh Naik,SI,Kodagu,Kodagu Town PS,suresh.naik249@ksp.gov.in,Supervisor,
KSP00250,Nisha Gowda,ACP,Mangaluru,Mangaluru Traffic PS,nisha.gowda250@ksp.gov.in,Supervisor,
KSP00251,Arjun Reddy,ACP,Tumakuru,Tumakuru Cyber PS,arjun.reddy251@ksp.gov.in,Officer,
KSP00252,Kiran Gowda,DySP,Raichur,Raichur Central PS,kiran.gowda252@ksp.gov.in,Supervisor,
KSP00253,Rahul Rao,Constable,Tumakuru,Tumakuru Women PS,rahul.rao253@ksp.gov.in,Admin,
KSP00254,Pooja Bhat,ACP,Hassan,Hassan Central PS,pooja.bhat254@ksp.gov.in,Admin,
KSP00255,Aditya Kulkarni,ACP,Mandya,Mandya Town PS,aditya.kulkarni255@ksp.gov.in,Officer,
KSP00256,Aarav Naik,DySP,Ballari,Ballari Rural PS,aarav.naik256@ksp.gov.in,Officer,
KSP00257,Sneha Singh,ASI,Belagavi,Belagavi Traffic PS,sneha.singh257@ksp.gov.in,Officer,
KSP00258,Manoj Rao,Head Constable,Kodagu,Kodagu Rural PS,manoj.rao258@ksp.gov.in,Officer,
KSP00259,Aarav Patil,Inspector,Hassan,Hassan South PS,aarav.patil259@ksp.gov.in,Officer,
KSP00260,Rahul Gowda,Head Constable,Bengaluru Urban,Bengaluru South PS,rahul.gowda260@ksp.gov.in,Admin,
KSP00261,Asha Nair,DySP,Kalaburagi,Kalaburagi Town PS,asha.nair261@ksp.gov.in,Admin,
KSP00262,Kavya Patil,Inspector,Kodagu,Kodagu South PS,kavya.patil262@ksp.gov.in,Supervisor,
KSP00263,Nisha Bhat,ACP,Hubballi,Hubballi West PS,nisha.bhat263@ksp.gov.in,Admin,
KSP00264,Sneha Gowda,Constable,Hubballi,Hubballi Women PS,sneha.gowda264@ksp.gov.in,Supervisor,
KSP00265,Arjun Verma,Head Constable,Belagavi,Belagavi Rural PS,arjun.verma265@ksp.gov.in,Admin,
KSP00266,Rahul Gowda,ASI,Dharwad,Dharwad Cyber PS,rahul.gowda266@ksp.gov.in,Supervisor,
KSP00267,Priya Kulkarni,DySP,Tumakuru,Tumakuru Traffic PS,priya.kulkarni267@ksp.gov.in,Officer,
KSP00268,Deepa Shetty,Constable,Chikkamagaluru,Chikkamagaluru West PS,deepa.shetty268@ksp.gov.in,Officer,
KSP00269,Aarav Sharma,ASI,Hubballi,Hubballi Central PS,aarav.sharma269@ksp.gov.in,Admin,
KSP00270,Vivaan Naik,ACP,Vijayapura,Vijayapura Women PS,vivaan.naik270@ksp.gov.in,Officer,
KSP00271,Kiran Rao,ACP,Kalaburagi,Kalaburagi West PS,kiran.rao271@ksp.gov.in,Supervisor,
KSP00272,Rahul Joshi,SI,Mandya,Mandya North PS,rahul.joshi272@ksp.gov.in,Supervisor,
KSP00273,Megha Shetty,SI,Davanagere,Davanagere Rural PS,megha.shetty273@ksp.gov.in,Admin,
KSP00274,Asha Sharma,ASI,Mangaluru,Mangaluru South PS,asha.sharma274@ksp.gov.in,Supervisor,
KSP00275,Nisha Gowda,DySP,Davanagere,Davanagere North PS,nisha.gowda275@ksp.gov.in,Admin,
KSP00276,Arjun Verma,SI,Kolar,Kolar South PS,arjun.verma276@ksp.gov.in,Admin,
KSP00277,Kavya Hegde,ACP,Davanagere,Davanagere North PS,kavya.hegde277@ksp.gov.in,Supervisor,
KSP00278,Nisha Sharma,ACP,Mandya,Mandya Town PS,nisha.sharma278@ksp.gov.in,Admin,
KSP00279,Ananya Verma,Inspector,Shivamogga,Shivamogga East PS,ananya.verma279@ksp.gov.in,Supervisor,
KSP00280,Rohit Hegde,ASI,Belagavi,Belagavi Cyber PS,rohit.hegde280@ksp.gov.in,Admin,
KSP00281,Suresh Sharma,ACP,Vijayapura,Vijayapura North PS,suresh.sharma281@ksp.gov.in,Supervisor,
KSP00282,Priya Rao,ASI,Mandya,Mandya East PS,priya.rao282@ksp.gov.in,Admin,
KSP00283,Aarav Naik,SI,Ballari,Ballari Rural PS,aarav.naik283@ksp.gov.in,Admin,
KSP00284,Sneha Gowda,DySP,Kodagu,Kodagu Women PS,sneha.gowda284@ksp.gov.in,Supervisor,
KSP00285,Vivaan Shetty,Constable,Mangaluru,Mangaluru Women PS,vivaan.shetty285@ksp.gov.in,Admin,
KSP00286,Deepa Patil,SI,Bengaluru Urban,Bengaluru South PS,deepa.patil286@ksp.gov.in,Supervisor,
KSP00287,Suresh Nair,Constable,Kolar,Kolar Rural PS,suresh.nair287@ksp.gov.in,Officer,
KSP00288,Rahul Kumar,ASI,Bengaluru Rural,Bengaluru Town PS,rahul.kumar288@ksp.gov.in,Admin,
KSP00289,Pooja Rao,DySP,Dharwad,Dharwad North PS,pooja.rao289@ksp.gov.in,Admin,
KSP00290,Aditya Singh,DySP,Belagavi,Belagavi North PS,aditya.singh290@ksp.gov.in,Admin,
KSP00291,Megha Gowda,Inspector,Vijayapura,Vijayapura Women PS,megha.gowda291@ksp.gov.in,Admin,
KSP00292,Aarav Gowda,ACP,Mandya,Mandya Cyber PS,aarav.gowda292@ksp.gov.in,Supervisor,
KSP00293,Vikram Nair,ACP,Kolar,Kolar Women PS,vikram.nair293@ksp.gov.in,Supervisor,
KSP00294,Sneha Sharma,SI,Kodagu,Kodagu South PS,sneha.sharma294@ksp.gov.in,Admin,
KSP00295,Suresh Verma,SI,Kalaburagi,Kalaburagi Rural PS,suresh.verma295@ksp.gov.in,Admin,
KSP00296,Deepa Patil,Constable,Belagavi,Belagavi West PS,deepa.patil296@ksp.gov.in,Officer,
KSP00297,Priya Gowda,Inspector,Kolar,Kolar South PS,priya.gowda297@ksp.gov.in,Supervisor,
KSP00298,Vivaan Singh,DySP,Mangaluru,Mangaluru Cyber PS,vivaan.singh298@ksp.gov.in,Officer,
KSP00299,Kiran Gowda,Inspector,Bengaluru Rural,Bengaluru South PS,kiran.gowda299@ksp.gov.in,Supervisor,
KSP00300,Aditya Hegde,DySP,Shivamogga,Shivamogga West PS,aditya.hegde300@ksp.gov.in,Supervisor,
KSP00301,Rohit Joshi,Inspector,Mandya,Mandya Town PS,rohit.joshi301@ksp.gov.in,Officer,
KSP00302,Nisha Verma,ACP,Vijayapura,Vijayapura Rural PS,nisha.verma302@ksp.gov.in,Officer,
KSP00303,Rohit Shetty,ASI,Bengaluru Rural,Bengaluru Central PS,rohit.shetty303@ksp.gov.in,Officer,
KSP00304,Pooja Kulkarni,ASI,Raichur,Raichur West PS,pooja.kulkarni304@ksp.gov.in,Officer,
KSP00305,Divya Kulkarni,SI,Hassan,Hassan South PS,divya.kulkarni305@ksp.gov.in,Admin,
KSP00306,Asha Naik,DySP,Kalaburagi,Kalaburagi Town PS,asha.naik306@ksp.gov.in,Officer,
KSP00307,Arjun Hegde,Constable,Bengaluru Rural,Bengaluru Central PS,arjun.hegde307@ksp.gov.in,Supervisor,
KSP00308,Arjun Naik,Constable,Tumakuru,Tumakuru Central PS,arjun.naik308@ksp.gov.in,Supervisor,
KSP00309,Arjun Bhat,Head Constable,Kolar,Kolar Traffic PS,arjun.bhat309@ksp.gov.in,Officer,
KSP00310,Arjun Reddy,DySP,Ballari,Ballari Women PS,arjun.reddy310@ksp.gov.in,Officer,
KSP00311,Kiran Joshi,Constable,Chikkamagaluru,Chikkamagaluru Cyber PS,kiran.joshi311@ksp.gov.in,Supervisor,
KSP00312,Deepa Verma,ASI,Bengaluru Urban,Bengaluru Town PS,deepa.verma312@ksp.gov.in,Supervisor,
KSP00313,Kiran Hegde,Head Constable,Udupi,Udupi West PS,kiran.hegde313@ksp.gov.in,Admin,
KSP00314,Sneha Joshi,SI,Chikkamagaluru,Chikkamagaluru Town PS,sneha.joshi314@ksp.gov.in,Supervisor,
KSP00315,Nisha Gowda,Head Constable,Bengaluru Urban,Bengaluru Town PS,nisha.gowda315@ksp.gov.in,Officer,
KSP00316,Deepa Kulkarni,SI,Davanagere,Davanagere Women PS,deepa.kulkarni316@ksp.gov.in,Officer,
KSP00317,Manoj Shetty,SI,Kolar,Kolar Traffic PS,manoj.shetty317@ksp.gov.in,Admin,
KSP00318,Arjun Rao,SI,Mysuru,Mysuru Central PS,arjun.rao318@ksp.gov.in,Officer,
KSP00319,Aditya Patil,Head Constable,Ballari,Ballari East PS,aditya.patil319@ksp.gov.in,Supervisor,
KSP00320,Asha Nair,ACP,Belagavi,Belagavi South PS,asha.nair320@ksp.gov.in,Supervisor,
KSP00321,Deepa Nair,Constable,Vijayapura,Vijayapura Rural PS,deepa.nair321@ksp.gov.in,Supervisor,
KSP00322,Divya Joshi,Head Constable,Hubballi,Hubballi West PS,divya.joshi322@ksp.gov.in,Officer,
KSP00323,Nisha Naik,Constable,Chikkamagaluru,Chikkamagaluru West PS,nisha.naik323@ksp.gov.in,Supervisor,
KSP00324,Manoj Joshi,ACP,Raichur,Raichur Central PS,manoj.joshi324@ksp.gov.in,Admin,
KSP00325,Manoj Bhat,DySP,Ballari,Ballari Rural PS,manoj.bhat325@ksp.gov.in,Supervisor,
KSP00326,Kavya Kulkarni,Head Constable,Tumakuru,Tumakuru Cyber PS,kavya.kulkarni326@ksp.gov.in,Officer,
KSP00327,Rohit Nair,SI,Shivamogga,Shivamogga West PS,rohit.nair327@ksp.gov.in,Officer,
KSP00328,Megha Bhat,DySP,Ballari,Ballari West PS,megha.bhat328@ksp.gov.in,Officer,
KSP00329,Kiran Shetty,SI,Raichur,Raichur Town PS,kiran.shetty329@ksp.gov.in,Admin,
KSP00330,Kavya Verma,Inspector,Davanagere,Davanagere Rural PS,kavya.verma330@ksp.gov.in,Officer,
KSP00331,Vivaan Nair,Inspector,Tumakuru,Tumakuru Women PS,vivaan.nair331@ksp.gov.in,Admin,
KSP00332,Nisha Gowda,Head Constable,Davanagere,Davanagere Women PS,nisha.gowda332@ksp.gov.in,Officer,
KSP00333,Asha Joshi,Constable,Vijayapura,Vijayapura Central PS,asha.joshi333@ksp.gov.in,Supervisor,
KSP00334,Kavya Bhat,Constable,Raichur,Raichur Rural PS,kavya.bhat334@ksp.gov.in,Supervisor,
KSP00335,Kiran Reddy,Constable,Davanagere,Davanagere Rural PS,kiran.reddy335@ksp.gov.in,Supervisor,
KSP00336,Asha Reddy,DySP,Vijayapura,Vijayapura Cyber PS,asha.reddy336@ksp.gov.in,Officer,
KSP00337,Kiran Singh,SI,Chikkamagaluru,Chikkamagaluru Town PS,kiran.singh337@ksp.gov.in,Supervisor,
KSP00338,Vivaan Hegde,Constable,Udupi,Udupi Traffic PS,vivaan.hegde338@ksp.gov.in,Supervisor,
KSP00339,Sneha Gowda,SI,Chikkamagaluru,Chikkamagaluru Cyber PS,sneha.gowda339@ksp.gov.in,Officer,
KSP00340,Priya Singh,DySP,Kolar,Kolar Rural PS,priya.singh340@ksp.gov.in,Admin,
KSP00341,Nisha Verma,ASI,Chikkamagaluru,Chikkamagaluru South PS,nisha.verma341@ksp.gov.in,Officer,
KSP00342,Pooja Hegde,Head Constable,Mangaluru,Mangaluru Town PS,pooja.hegde342@ksp.gov.in,Supervisor,
KSP00343,Manoj Rao,SI,Kodagu,Kodagu Women PS,manoj.rao343@ksp.gov.in,Admin,
KSP00344,Kavya Bhat,ACP,Vijayapura,Vijayapura Women PS,kavya.bhat344@ksp.gov.in,Officer,
KSP00345,Manoj Verma,DySP,Davanagere,Davanagere Cyber PS,manoj.verma345@ksp.gov.in,Supervisor,
KSP00346,Arjun Singh,ASI,Vijayapura,Vijayapura Cyber PS,arjun.singh346@ksp.gov.in,Supervisor,
KSP00347,Vivaan Reddy,ACP,Tumakuru,Tumakuru East PS,vivaan.reddy347@ksp.gov.in,Officer,
KSP00348,Kavya Kulkarni,Inspector,Hubballi,Hubballi West PS,kavya.kulkarni348@ksp.gov.in,Officer,
KSP00349,Deepa Kumar,ACP,Shivamogga,Shivamogga Traffic PS,deepa.kumar349@ksp.gov.in,Admin,
KSP00350,Pooja Kumar,Head Constable,Mandya,Mandya Rural PS,pooja.kumar350@ksp.gov.in,Supervisor,
KSP00351,Deepa Nair,ASI,Tumakuru,Tumakuru Traffic PS,deepa.nair351@ksp.gov.in,Admin,
KSP00352,Kavya Reddy,ASI,Mysuru,Mysuru East PS,kavya.reddy352@ksp.gov.in,Admin,
KSP00353,Divya Reddy,ASI,Kolar,Kolar Cyber PS,divya.reddy353@ksp.gov.in,Supervisor,
KSP00354,Priya Reddy,Head Constable,Mangaluru,Mangaluru South PS,priya.reddy354@ksp.gov.in,Supervisor,
KSP00355,Vikram Nair,Inspector,Vijayapura,Vijayapura North PS,vikram.nair355@ksp.gov.in,Admin,
KSP00356,Kiran Patil,ACP,Hassan,Hassan Central PS,kiran.patil356@ksp.gov.in,Officer,
KSP00357,Divya Naik,ASI,Mysuru,Mysuru Cyber PS,divya.naik357@ksp.gov.in,Admin,
KSP00358,Asha Nair,Constable,Bengaluru Rural,Bengaluru North PS,asha.nair358@ksp.gov.in,Officer,
KSP00359,Rohit Verma,DySP,Mysuru,Mysuru East PS,rohit.verma359@ksp.gov.in,Admin,
KSP00360,Suresh Kumar,Inspector,Kalaburagi,Kalaburagi Women PS,suresh.kumar360@ksp.gov.in,Supervisor,
KSP00361,Suresh Naik,DySP,Tumakuru,Tumakuru North PS,suresh.naik361@ksp.gov.in,Admin,
KSP00362,Divya Hegde,Constable,Belagavi,Belagavi West PS,divya.hegde362@ksp.gov.in,Supervisor,
KSP00363,Ananya Kulkarni,SI,Vijayapura,Vijayapura Rural PS,ananya.kulkarni363@ksp.gov.in,Officer,
KSP00364,Suresh Hegde,SI,Raichur,Raichur West PS,suresh.hegde364@ksp.gov.in,Officer,
KSP00365,Manoj Kumar,Constable,Shivamogga,Shivamogga West PS,manoj.kumar365@ksp.gov.in,Admin,
KSP00366,Aarav Rao,ASI,Belagavi,Belagavi Cyber PS,aarav.rao366@ksp.gov.in,Officer,
KSP00367,Asha Bhat,DySP,Vijayapura,Vijayapura East PS,asha.bhat367@ksp.gov.in,Admin,
KSP00368,Rahul Rao,ASI,Bengaluru Urban,Bengaluru West PS,rahul.rao368@ksp.gov.in,Admin,
KSP00369,Deepa Patil,Head Constable,Dharwad,Dharwad South PS,deepa.patil369@ksp.gov.in,Officer,
KSP00370,Manoj Reddy,DySP,Ballari,Ballari Town PS,manoj.reddy370@ksp.gov.in,Officer,
KSP00371,Manoj Nair,Head Constable,Shivamogga,Shivamogga North PS,manoj.nair371@ksp.gov.in,Officer,
KSP00372,Vivaan Sharma,DySP,Hubballi,Hubballi Central PS,vivaan.sharma372@ksp.gov.in,Supervisor,
KSP00373,Kiran Reddy,Head Constable,Bengaluru Rural,Bengaluru Traffic PS,kiran.reddy373@ksp.gov.in,Supervisor,
KSP00374,Deepa Hegde,Inspector,Ballari,Ballari Town PS,deepa.hegde374@ksp.gov.in,Officer,
KSP00375,Vivaan Singh,SI,Kolar,Kolar South PS,vivaan.singh375@ksp.gov.in,Supervisor,
KSP00376,Kiran Shetty,Head Constable,Hubballi,Hubballi Town PS,kiran.shetty376@ksp.gov.in,Admin,
KSP00377,Rohit Reddy,SI,Raichur,Raichur West PS,rohit.reddy377@ksp.gov.in,Officer,
KSP00378,Kavya Verma,DySP,Hassan,Hassan South PS,kavya.verma378@ksp.gov.in,Admin,
KSP00379,Aarav Reddy,SI,Dharwad,Dharwad Central PS,aarav.reddy379@ksp.gov.in,Admin,
KSP00380,Kiran Kulkarni,Inspector,Bengaluru Rural,Bengaluru East PS,kiran.kulkarni380@ksp.gov.in,Admin,
KSP00381,Manoj Rao,Constable,Hassan,Hassan North PS,manoj.rao381@ksp.gov.in,Officer,
KSP00382,Rahul Verma,Inspector,Kolar,Kolar Traffic PS,rahul.verma382@ksp.gov.in,Admin,
KSP00383,Sneha Naik,ACP,Ballari,Ballari Rural PS,sneha.naik383@ksp.gov.in,Admin,
KSP00384,Ananya Rao,Inspector,Hubballi,Hubballi North PS,ananya.rao384@ksp.gov.in,Admin,
KSP00385,Divya Joshi,DySP,Shivamogga,Shivamogga Central PS,divya.joshi385@ksp.gov.in,Supervisor,
KSP00386,Kiran Verma,Head Constable,Raichur,Raichur Town PS,kiran.verma386@ksp.gov.in,Supervisor,
KSP00387,Rohit Nair,SI,Chikkamagaluru,Chikkamagaluru Central PS,rohit.nair387@ksp.gov.in,Admin,
KSP00388,Asha Gowda,Constable,Dharwad,Dharwad Rural PS,asha.gowda388@ksp.gov.in,Admin,
KSP00389,Suresh Shetty,DySP,Mandya,Mandya North PS,suresh.shetty389@ksp.gov.in,Supervisor,
KSP00390,Divya Kulkarni,Constable,Kalaburagi,Kalaburagi Rural PS,divya.kulkarni390@ksp.gov.in,Admin,
KSP00391,Priya Singh,ACP,Raichur,Raichur Cyber PS,priya.singh391@ksp.gov.in,Supervisor,
KSP00392,Rohit Verma,ASI,Hubballi,Hubballi Town PS,rohit.verma392@ksp.gov.in,Officer,
KSP00393,Divya Hegde,Inspector,Hubballi,Hubballi Cyber PS,divya.hegde393@ksp.gov.in,Admin,
KSP00394,Ananya Rao,DySP,Tumakuru,Tumakuru Women PS,ananya.rao394@ksp.gov.in,Admin,
KSP00395,Vikram Gowda,DySP,Hubballi,Hubballi Rural PS,vikram.gowda395@ksp.gov.in,Supervisor,
KSP00396,Divya Verma,DySP,Vijayapura,Vijayapura West PS,divya.verma396@ksp.gov.in,Officer,
KSP00397,Rohit Hegde,SI,Bengaluru Urban,Bengaluru Traffic PS,rohit.hegde397@ksp.gov.in,Officer,
KSP00398,Arjun Singh,SI,Tumakuru,Tumakuru Traffic PS,arjun.singh398@ksp.gov.in,Supervisor,
KSP00399,Sneha Nair,ASI,Belagavi,Belagavi South PS,sneha.nair399@ksp.gov.in,Supervisor,
KSP00400,Rahul Bhat,Constable,Davanagere,Davanagere West PS,rahul.bhat400@ksp.gov.in,Admin,
KSP00401,Vivaan Rao,Constable,Tumakuru,Tumakuru Cyber PS,vivaan.rao401@ksp.gov.in,Officer,
KSP00402,Vivaan Bhat,ACP,Kalaburagi,Kalaburagi East PS,vivaan.bhat402@ksp.gov.in,Admin,
KSP00403,Kiran Shetty,SI,Shivamogga,Shivamogga South PS,kiran.shetty403@ksp.gov.in,Officer,
KSP00404,Aditya Joshi,ASI,Vijayapura,Vijayapura South PS,aditya.joshi404@ksp.gov.in,Admin,
KSP00405,Aditya Sharma,Head Constable,Hassan,Hassan Cyber PS,aditya.sharma405@ksp.gov.in,Officer,
KSP00406,Manoj Joshi,DySP,Kodagu,Kodagu South PS,manoj.joshi406@ksp.gov.in,Supervisor,
KSP00407,Manoj Bhat,Constable,Ballari,Ballari South PS,manoj.bhat407@ksp.gov.in,Admin,
KSP00408,Deepa Sharma,ACP,Bengaluru Urban,Bengaluru Central PS,deepa.sharma408@ksp.gov.in,Supervisor,
KSP00409,Priya Naik,ACP,Mandya,Mandya Women PS,priya.naik409@ksp.gov.in,Admin,
KSP00410,Sneha Shetty,ACP,Tumakuru,Tumakuru Cyber PS,sneha.shetty410@ksp.gov.in,Admin,
KSP00411,Arjun Hegde,Head Constable,Dharwad,Dharwad Rural PS,arjun.hegde411@ksp.gov.in,Officer,
KSP00412,Suresh Joshi,Constable,Tumakuru,Tumakuru South PS,suresh.joshi412@ksp.gov.in,Admin,
KSP00413,Nisha Rao,Constable,Dharwad,Dharwad Rural PS,nisha.rao413@ksp.gov.in,Admin,
KSP00414,Manoj Kumar,ASI,Udupi,Udupi Women PS,manoj.kumar414@ksp.gov.in,Officer,
KSP00415,Deepa Rao,ASI,Tumakuru,Tumakuru West PS,deepa.rao415@ksp.gov.in,Supervisor,
KSP00416,Rahul Nair,ASI,Dharwad,Dharwad Cyber PS,rahul.nair416@ksp.gov.in,Officer,
KSP00417,Ananya Gowda,ASI,Udupi,Udupi East PS,ananya.gowda417@ksp.gov.in,Admin,
KSP00418,Megha Gowda,SI,Kolar,Kolar Cyber PS,megha.gowda418@ksp.gov.in,Admin,
KSP00419,Pooja Verma,DySP,Ballari,Ballari Rural PS,pooja.verma419@ksp.gov.in,Supervisor,
KSP00420,Vikram Rao,Head Constable,Mangaluru,Mangaluru Rural PS,vikram.rao420@ksp.gov.in,Admin,
KSP00421,Deepa Reddy,SI,Belagavi,Belagavi North PS,deepa.reddy421@ksp.gov.in,Supervisor,
KSP00422,Kavya Patil,Constable,Hubballi,Hubballi Rural PS,kavya.patil422@ksp.gov.in,Officer,
KSP00423,Ananya Sharma,ASI,Kolar,Kolar South PS,ananya.sharma423@ksp.gov.in,Admin,
KSP00424,Kavya Joshi,ACP,Mysuru,Mysuru West PS,kavya.joshi424@ksp.gov.in,Supervisor,
KSP00425,Rohit Bhat,Inspector,Bengaluru Rural,Bengaluru South PS,rohit.bhat425@ksp.gov.in,Officer,
KSP00426,Aditya Reddy,Head Constable,Hubballi,Hubballi North PS,aditya.reddy426@ksp.gov.in,Officer,
KSP00427,Asha Naik,Constable,Ballari,Ballari Women PS,asha.naik427@ksp.gov.in,Officer,
KSP00428,Aarav Hegde,Head Constable,Mangaluru,Mangaluru Traffic PS,aarav.hegde428@ksp.gov.in,Admin,
KSP00429,Vivaan Reddy,SI,Bengaluru Urban,Bengaluru North PS,vivaan.reddy429@ksp.gov.in,Supervisor,
KSP00430,Deepa Naik,Inspector,Chikkamagaluru,Chikkamagaluru North PS,deepa.naik430@ksp.gov.in,Supervisor,
KSP00431,Kiran Bhat,ACP,Shivamogga,Shivamogga Cyber PS,kiran.bhat431@ksp.gov.in,Supervisor,
KSP00432,Rohit Kumar,Inspector,Hubballi,Hubballi North PS,rohit.kumar432@ksp.gov.in,Supervisor,
KSP00433,Asha Reddy,SI,Bengaluru Rural,Bengaluru Rural PS,asha.reddy433@ksp.gov.in,Officer,
KSP00434,Deepa Naik,Inspector,Raichur,Raichur Rural PS,deepa.naik434@ksp.gov.in,Admin,
KSP00435,Kavya Reddy,Inspector,Mysuru,Mysuru Rural PS,kavya.reddy435@ksp.gov.in,Officer,
KSP00436,Rohit Bhat,SI,Hassan,Hassan North PS,rohit.bhat436@ksp.gov.in,Supervisor,
KSP00437,Aarav Patil,DySP,Udupi,Udupi Cyber PS,aarav.patil437@ksp.gov.in,Officer,
KSP00438,Aditya Naik,ACP,Raichur,Raichur South PS,aditya.naik438@ksp.gov.in,Admin,
KSP00439,Vivaan Joshi,ASI,Udupi,Udupi Rural PS,vivaan.joshi439@ksp.gov.in,Admin,
KSP00440,Arjun Hegde,Constable,Davanagere,Davanagere Central PS,arjun.hegde440@ksp.gov.in,Officer,
KSP00441,Arjun Singh,Inspector,Kodagu,Kodagu Rural PS,arjun.singh441@ksp.gov.in,Admin,
KSP00442,Ananya Naik,SI,Bengaluru Rural,Bengaluru Cyber PS,ananya.naik442@ksp.gov.in,Officer,
KSP00443,Asha Rao,Constable,Hubballi,Hubballi North PS,asha.rao443@ksp.gov.in,Supervisor,
KSP00444,Vivaan Nair,SI,Tumakuru,Tumakuru Central PS,vivaan.nair444@ksp.gov.in,Admin,
KSP00445,Suresh Gowda,DySP,Hassan,Hassan Traffic PS,suresh.gowda445@ksp.gov.in,Admin,
KSP00446,Manoj Kulkarni,Head Constable,Mandya,Mandya Traffic PS,manoj.kulkarni446@ksp.gov.in,Supervisor,
KSP00447,Nisha Nair,ASI,Udupi,Udupi Town PS,nisha.nair447@ksp.gov.in,Officer,
KSP00448,Deepa Singh,Head Constable,Hassan,Hassan Town PS,deepa.singh448@ksp.gov.in,Admin,
KSP00449,Nisha Kumar,ASI,Kodagu,Kodagu East PS,nisha.kumar449@ksp.gov.in,Supervisor,
KSP00450,Vikram Kumar,Inspector,Bengaluru Rural,Bengaluru North PS,vikram.kumar450@ksp.gov.in,Supervisor,
KSP00451,Aditya Rao,Constable,Kodagu,Kodagu South PS,aditya.rao451@ksp.gov.in,Supervisor,
KSP00452,Rahul Joshi,DySP,Kolar,Kolar South PS,rahul.joshi452@ksp.gov.in,Supervisor,
KSP00453,Deepa Reddy,Inspector,Mysuru,Mysuru Women PS,deepa.reddy453@ksp.gov.in,Officer,
KSP00454,Divya Singh,SI,Udupi,Udupi South PS,divya.singh454@ksp.gov.in,Officer,
KSP00455,Aarav Shetty,ACP,Vijayapura,Vijayapura East PS,aarav.shetty455@ksp.gov.in,Admin,
KSP00456,Ananya Kulkarni,Inspector,Ballari,Ballari Cyber PS,ananya.kulkarni456@ksp.gov.in,Admin,
KSP00457,Suresh Verma,Inspector,Vijayapura,Vijayapura Rural PS,suresh.verma457@ksp.gov.in,Admin,
KSP00458,Priya Sharma,Inspector,Hassan,Hassan Women PS,priya.sharma458@ksp.gov.in,Supervisor,
KSP00459,Suresh Bhat,Inspector,Shivamogga,Shivamogga Rural PS,suresh.bhat459@ksp.gov.in,Supervisor,
KSP00460,Asha Patil,Inspector,Vijayapura,Vijayapura South PS,asha.patil460@ksp.gov.in,Officer,
KSP00461,Asha Shetty,Constable,Raichur,Raichur Central PS,asha.shetty461@ksp.gov.in,Officer,
KSP00462,Arjun Hegde,DySP,Dharwad,Dharwad South PS,arjun.hegde462@ksp.gov.in,Admin,
KSP00463,Manoj Verma,DySP,Belagavi,Belagavi East PS,manoj.verma463@ksp.gov.in,Admin,
KSP00464,Rahul Rao,DySP,Vijayapura,Vijayapura North PS,rahul.rao464@ksp.gov.in,Supervisor,
KSP00465,Asha Joshi,Inspector,Dharwad,Dharwad West PS,asha.joshi465@ksp.gov.in,Admin,
KSP00466,Aditya Reddy,DySP,Hubballi,Hubballi East PS,aditya.reddy466@ksp.gov.in,Admin,
KSP00467,Manoj Shetty,Inspector,Davanagere,Davanagere West PS,manoj.shetty467@ksp.gov.in,Officer,
KSP00468,Nisha Patil,Inspector,Ballari,Ballari North PS,nisha.patil468@ksp.gov.in,Officer,
KSP00469,Aarav Shetty,Head Constable,Kolar,Kolar Traffic PS,aarav.shetty469@ksp.gov.in,Supervisor,
KSP00470,Aditya Sharma,DySP,Mangaluru,Mangaluru South PS,aditya.sharma470@ksp.gov.in,Officer,
KSP00471,Pooja Gowda,ACP,Kodagu,Kodagu Central PS,pooja.gowda471@ksp.gov.in,Supervisor,
KSP00472,Kavya Singh,Constable,Udupi,Udupi Town PS,kavya.singh472@ksp.gov.in,Officer,
KSP00473,Aarav Kulkarni,Head Constable,Kolar,Kolar Central PS,aarav.kulkarni473@ksp.gov.in,Officer,
KSP00474,Divya Joshi,Inspector,Mangaluru,Mangaluru Town PS,divya.joshi474@ksp.gov.in,Officer,
KSP00475,Vivaan Patil,DySP,Bengaluru Urban,Bengaluru Rural PS,vivaan.patil475@ksp.gov.in,Supervisor,
KSP00476,Nisha Kumar,SI,Shivamogga,Shivamogga Traffic PS,nisha.kumar476@ksp.gov.in,Admin,
KSP00477,Megha Singh,SI,Bengaluru Urban,Bengaluru Central PS,megha.singh477@ksp.gov.in,Supervisor,
KSP00478,Aarav Verma,DySP,Dharwad,Dharwad Rural PS,aarav.verma478@ksp.gov.in,Admin,
KSP00479,Asha Rao,Head Constable,Hubballi,Hubballi South PS,asha.rao479@ksp.gov.in,Admin,
KSP00480,Kavya Nair,Inspector,Chikkamagaluru,Chikkamagaluru Cyber PS,kavya.nair480@ksp.gov.in,Officer,
KSP00481,Kavya Patil,Inspector,Hubballi,Hubballi Traffic PS,kavya.patil481@ksp.gov.in,Admin,
KSP00482,Aarav Reddy,ACP,Dharwad,Dharwad North PS,aarav.reddy482@ksp.gov.in,Admin,
KSP00483,Rohit Kulkarni,DySP,Udupi,Udupi Cyber PS,rohit.kulkarni483@ksp.gov.in,Admin,
KSP00484,Rahul Nair,ACP,Dharwad,Dharwad East PS,rahul.nair484@ksp.gov.in,Admin,
KSP00485,Arjun Nair,SI,Mandya,Mandya South PS,arjun.nair485@ksp.gov.in,Admin,
KSP00486,Priya Rao,ASI,Hassan,Hassan Women PS,priya.rao486@ksp.gov.in,Officer,
KSP00487,Arjun Shetty,Inspector,Mandya,Mandya East PS,arjun.shetty487@ksp.gov.in,Admin,
KSP00488,Suresh Kumar,Inspector,Belagavi,Belagavi Cyber PS,suresh.kumar488@ksp.gov.in,Officer,
KSP00489,Rahul Bhat,Inspector,Udupi,Udupi Traffic PS,rahul.bhat489@ksp.gov.in,Admin,
KSP00490,Rohit Joshi,DySP,Ballari,Ballari Cyber PS,rohit.joshi490@ksp.gov.in,Officer,
KSP00491,Kiran Shetty,ACP,Kalaburagi,Kalaburagi West PS,kiran.shetty491@ksp.gov.in,Officer,
KSP00492,Sneha Patil,SI,Davanagere,Davanagere Cyber PS,sneha.patil492@ksp.gov.in,Officer,
KSP00493,Sneha Reddy,ASI,Kodagu,Kodagu Traffic PS,sneha.reddy493@ksp.gov.in,Supervisor,
KSP00494,Aarav Verma,ASI,Udupi,Udupi West PS,aarav.verma494@ksp.gov.in,Supervisor,
KSP00495,Ananya Bhat,ACP,Hubballi,Hubballi Traffic PS,ananya.bhat495@ksp.gov.in,Admin,
KSP00496,Divya Rao,ASI,Vijayapura,Vijayapura West PS,divya.rao496@ksp.gov.in,Supervisor,
KSP00497,Asha Patil,ASI,Mangaluru,Mangaluru Town PS,asha.patil497@ksp.gov.in,Admin,
KSP00498,Megha Reddy,ASI,Tumakuru,Tumakuru Women PS,megha.reddy498@ksp.gov.in,Admin,
KSP00499,Aditya Patil,Constable,Shivamogga,Shivamogga South PS,aditya.patil499@ksp.gov.in,Supervisor,
KSP00500,Sneha Reddy,Constable,Kodagu,Kodagu East PS,sneha.reddy500@ksp.gov.in,Supervisor,
KSP00501,Rohit Patil,SI,Vijayapura,Vijayapura South PS,rohit.patil501@ksp.gov.in,Supervisor,
KSP00502,Aarav Gowda,ACP,Mangaluru,Mangaluru Traffic PS,aarav.gowda502@ksp.gov.in,Supervisor,
KSP00503,Sneha Naik,DySP,Hubballi,Hubballi Cyber PS,sneha.naik503@ksp.gov.in,Supervisor,
KSP00504,Pooja Rao,DySP,Bengaluru Rural,Bengaluru Town PS,pooja.rao504@ksp.gov.in,Supervisor,
KSP00505,Deepa Kumar,ASI,Dharwad,Dharwad West PS,deepa.kumar505@ksp.gov.in,Admin,
KSP00506,Vikram Rao,Inspector,Mandya,Mandya Rural PS,vikram.rao506@ksp.gov.in,Officer,
KSP00507,Vivaan Joshi,SI,Tumakuru,Tumakuru Traffic PS,vivaan.joshi507@ksp.gov.in,Supervisor,
KSP00508,Sneha Kumar,Inspector,Tumakuru,Tumakuru South PS,sneha.kumar508@ksp.gov.in,Officer,
KSP00509,Ananya Singh,Constable,Dharwad,Dharwad South PS,ananya.singh509@ksp.gov.in,Officer,
KSP00510,Divya Gowda,Constable,Hubballi,Hubballi Town PS,divya.gowda510@ksp.gov.in,Officer,
KSP00511,Kavya Singh,Head Constable,Shivamogga,Shivamogga Rural PS,kavya.singh511@ksp.gov.in,Supervisor,
KSP00512,Suresh Joshi,SI,Kalaburagi,Kalaburagi North PS,suresh.joshi512@ksp.gov.in,Supervisor,
KSP00513,Aditya Verma,SI,Raichur,Raichur Women PS,aditya.verma513@ksp.gov.in,Admin,
KSP00514,Megha Naik,Inspector,Bengaluru Rural,Bengaluru South PS,megha.naik514@ksp.gov.in,Officer,
KSP00515,Ananya Kumar,ASI,Hubballi,Hubballi Traffic PS,ananya.kumar515@ksp.gov.in,Supervisor,
KSP00516,Sneha Gowda,DySP,Belagavi,Belagavi Central PS,sneha.gowda516@ksp.gov.in,Admin,
KSP00517,Suresh Rao,Constable,Bengaluru Rural,Bengaluru Rural PS,suresh.rao517@ksp.gov.in,Admin,
KSP00518,Divya Kumar,SI,Vijayapura,Vijayapura West PS,divya.kumar518@ksp.gov.in,Officer,
KSP00519,Asha Gowda,Constable,Chikkamagaluru,Chikkamagaluru Central PS,asha.gowda519@ksp.gov.in,Supervisor,
KSP00520,Suresh Kulkarni,ASI,Kalaburagi,Kalaburagi Traffic PS,suresh.kulkarni520@ksp.gov.in,Officer,
KSP00521,Vikram Reddy,ASI,Vijayapura,Vijayapura Women PS,vikram.reddy521@ksp.gov.in,Supervisor,
KSP00522,Ananya Nair,Head Constable,Bengaluru Urban,Bengaluru Cyber PS,ananya.nair522@ksp.gov.in,Admin,
KSP00523,Kavya Kulkarni,ASI,Hubballi,Hubballi Traffic PS,kavya.kulkarni523@ksp.gov.in,Admin,
KSP00524,Suresh Kulkarni,Head Constable,Bengaluru Rural,Bengaluru Women PS,suresh.kulkarni524@ksp.gov.in,Admin,
KSP00525,Ananya Bhat,Constable,Raichur,Raichur Cyber PS,ananya.bhat525@ksp.gov.in,Admin,
KSP00526,Vikram Sharma,SI,Mandya,Mandya West PS,vikram.sharma526@ksp.gov.in,Officer,
KSP00527,Pooja Bhat,DySP,Raichur,Raichur Traffic PS,pooja.bhat527@ksp.gov.in,Officer,
KSP00528,Divya Singh,Inspector,Hubballi,Hubballi Traffic PS,divya.singh528@ksp.gov.in,Officer,
KSP00529,Asha Joshi,Head Constable,Mysuru,Mysuru South PS,asha.joshi529@ksp.gov.in,Supervisor,
KSP00530,Kavya Joshi,ASI,Mangaluru,Mangaluru Town PS,kavya.joshi530@ksp.gov.in,Officer,
KSP00531,Sneha Nair,ACP,Udupi,Udupi Rural PS,sneha.nair531@ksp.gov.in,Supervisor,
KSP00532,Vivaan Verma,SI,Kodagu,Kodagu Cyber PS,vivaan.verma532@ksp.gov.in,Officer,
KSP00533,Megha Sharma,Constable,Shivamogga,Shivamogga South PS,megha.sharma533@ksp.gov.in,Admin,
KSP00534,Sneha Naik,Head Constable,Kalaburagi,Kalaburagi Rural PS,sneha.naik534@ksp.gov.in,Admin,
KSP00535,Divya Nair,Head Constable,Kalaburagi,Kalaburagi Rural PS,divya.nair535@ksp.gov.in,Officer,
KSP00536,Pooja Rao,Inspector,Tumakuru,Tumakuru East PS,pooja.rao536@ksp.gov.in,Supervisor,
KSP00537,Manoj Rao,SI,Bengaluru Rural,Bengaluru Women PS,manoj.rao537@ksp.gov.in,Officer,
KSP00538,Vivaan Naik,ASI,Dharwad,Dharwad West PS,vivaan.naik538@ksp.gov.in,Officer,
KSP00539,Kavya Naik,ASI,Kolar,Kolar West PS,kavya.naik539@ksp.gov.in,Supervisor,
KSP00540,Kiran Joshi,Constable,Tumakuru,Tumakuru Rural PS,kiran.joshi540@ksp.gov.in,Admin,
KSP00541,Kiran Sharma,ACP,Mangaluru,Mangaluru Central PS,kiran.sharma541@ksp.gov.in,Supervisor,
KSP00542,Kavya Bhat,SI,Mandya,Mandya West PS,kavya.bhat542@ksp.gov.in,Admin,
KSP00543,Arjun Patil,Inspector,Davanagere,Davanagere North PS,arjun.patil543@ksp.gov.in,Supervisor,
KSP00544,Suresh Patil,Constable,Belagavi,Belagavi West PS,suresh.patil544@ksp.gov.in,Supervisor,
KSP00545,Vikram Gowda,DySP,Raichur,Raichur Central PS,vikram.gowda545@ksp.gov.in,Admin,
KSP00546,Megha Reddy,ACP,Hassan,Hassan Women PS,megha.reddy546@ksp.gov.in,Supervisor,
KSP00547,Aditya Shetty,Head Constable,Hubballi,Hubballi Traffic PS,aditya.shetty547@ksp.gov.in,Supervisor,
KSP00548,Divya Gowda,DySP,Hubballi,Hubballi Women PS,divya.gowda548@ksp.gov.in,Admin,
KSP00549,Aditya Bhat,SI,Hassan,Hassan South PS,aditya.bhat549@ksp.gov.in,Officer,
KSP00550,Aarav Joshi,ASI,Mysuru,Mysuru Central PS,aarav.joshi550@ksp.gov.in,Supervisor,
KSP00551,Vivaan Hegde,DySP,Chikkamagaluru,Chikkamagaluru Central PS,vivaan.hegde551@ksp.gov.in,Admin,
KSP00552,Deepa Kulkarni,Head Constable,Bengaluru Rural,Bengaluru Cyber PS,deepa.kulkarni552@ksp.gov.in,Officer,
KSP00553,Arjun Verma,ACP,Hassan,Hassan Traffic PS,arjun.verma553@ksp.gov.in,Officer,
KSP00554,Kiran Shetty,DySP,Raichur,Raichur Traffic PS,kiran.shetty554@ksp.gov.in,Supervisor,
KSP00555,Kavya Rao,Inspector,Dharwad,Dharwad Rural PS,kavya.rao555@ksp.gov.in,Admin,
KSP00556,Megha Shetty,SI,Udupi,Udupi West PS,megha.shetty556@ksp.gov.in,Officer,
KSP00557,Priya Naik,Inspector,Dharwad,Dharwad Rural PS,priya.naik557@ksp.gov.in,Admin,
KSP00558,Rohit Joshi,Head Constable,Shivamogga,Shivamogga South PS,rohit.joshi558@ksp.gov.in,Supervisor,
KSP00559,Megha Gowda,ASI,Tumakuru,Tumakuru West PS,megha.gowda559@ksp.gov.in,Supervisor,
KSP00560,Ananya Naik,ASI,Mandya,Mandya Central PS,ananya.naik560@ksp.gov.in,Admin,
KSP00561,Suresh Joshi,SI,Mysuru,Mysuru East PS,suresh.joshi561@ksp.gov.in,Officer,
KSP00562,Manoj Kumar,Head Constable,Raichur,Raichur North PS,manoj.kumar562@ksp.gov.in,Supervisor,
KSP00563,Suresh Rao,ASI,Chikkamagaluru,Chikkamagaluru Cyber PS,suresh.rao563@ksp.gov.in,Officer,
KSP00564,Arjun Kumar,Inspector,Dharwad,Dharwad Rural PS,arjun.kumar564@ksp.gov.in,Officer,
KSP00565,Manoj Reddy,SI,Shivamogga,Shivamogga Rural PS,manoj.reddy565@ksp.gov.in,Officer,
KSP00566,Asha Patil,SI,Mandya,Mandya Traffic PS,asha.patil566@ksp.gov.in,Supervisor,
KSP00567,Ananya Verma,Constable,Tumakuru,Tumakuru Rural PS,ananya.verma567@ksp.gov.in,Officer,
KSP00568,Ananya Nair,SI,Kodagu,Kodagu Town PS,ananya.nair568@ksp.gov.in,Admin,
KSP00569,Pooja Rao,DySP,Shivamogga,Shivamogga North PS,pooja.rao569@ksp.gov.in,Admin,
KSP00570,Sneha Patil,Inspector,Vijayapura,Vijayapura Women PS,sneha.patil570@ksp.gov.in,Officer,
KSP00571,Asha Naik,Inspector,Kalaburagi,Kalaburagi Cyber PS,asha.naik571@ksp.gov.in,Officer,
KSP00572,Asha Joshi,ACP,Raichur,Raichur East PS,asha.joshi572@ksp.gov.in,Admin,
KSP00573,Aarav Kulkarni,Constable,Mysuru,Mysuru West PS,aarav.kulkarni573@ksp.gov.in,Admin,
KSP00574,Arjun Joshi,SI,Dharwad,Dharwad Cyber PS,arjun.joshi574@ksp.gov.in,Supervisor,
KSP00575,Rahul Verma,Inspector,Belagavi,Belagavi Cyber PS,rahul.verma575@ksp.gov.in,Officer,
KSP00576,Suresh Shetty,ACP,Ballari,Ballari Cyber PS,suresh.shetty576@ksp.gov.in,Admin,
KSP00577,Divya Reddy,SI,Raichur,Raichur East PS,divya.reddy577@ksp.gov.in,Supervisor,
KSP00578,Vikram Reddy,ACP,Raichur,Raichur South PS,vikram.reddy578@ksp.gov.in,Supervisor,
KSP00579,Aarav Nair,Head Constable,Davanagere,Davanagere East PS,aarav.nair579@ksp.gov.in,Supervisor,
KSP00580,Arjun Gowda,ACP,Kolar,Kolar Cyber PS,arjun.gowda580@ksp.gov.in,Officer,
KSP00581,Kavya Nair,ACP,Udupi,Udupi Cyber PS,kavya.nair581@ksp.gov.in,Supervisor,
KSP00582,Vikram Bhat,Inspector,Hassan,Hassan Town PS,vikram.bhat582@ksp.gov.in,Supervisor,
KSP00583,Manoj Hegde,ASI,Vijayapura,Vijayapura East PS,manoj.hegde583@ksp.gov.in,Admin,
KSP00584,Kiran Nair,Inspector,Kodagu,Kodagu Traffic PS,kiran.nair584@ksp.gov.in,Supervisor,
KSP00585,Kavya Reddy,ASI,Kalaburagi,Kalaburagi South PS,kavya.reddy585@ksp.gov.in,Admin,
KSP00586,Priya Kulkarni,SI,Vijayapura,Vijayapura South PS,priya.kulkarni586@ksp.gov.in,Admin,
KSP00587,Deepa Rao,Constable,Bengaluru Rural,Bengaluru Cyber PS,deepa.rao587@ksp.gov.in,Admin,
KSP00588,Rohit Joshi,SI,Mangaluru,Mangaluru East PS,rohit.joshi588@ksp.gov.in,Officer,
KSP00589,Ananya Shetty,Head Constable,Kodagu,Kodagu South PS,ananya.shetty589@ksp.gov.in,Officer,
KSP00590,Sneha Joshi,ACP,Hubballi,Hubballi Traffic PS,sneha.joshi590@ksp.gov.in,Officer,
KSP00591,Suresh Rao,SI,Dharwad,Dharwad South PS,suresh.rao591@ksp.gov.in,Admin,
KSP00592,Vivaan Reddy,Constable,Bengaluru Rural,Bengaluru Cyber PS,vivaan.reddy592@ksp.gov.in,Supervisor,
KSP00593,Ananya Joshi,ACP,Ballari,Ballari Rural PS,ananya.joshi593@ksp.gov.in,Admin,
KSP00594,Megha Rao,DySP,Vijayapura,Vijayapura Traffic PS,megha.rao594@ksp.gov.in,Officer,
KSP00595,Sneha Kumar,DySP,Raichur,Raichur Central PS,sneha.kumar595@ksp.gov.in,Supervisor,
KSP00596,Arjun Patil,DySP,Ballari,Ballari Rural PS,arjun.patil596@ksp.gov.in,Officer,
KSP00597,Arjun Patil,ASI,Tumakuru,Tumakuru Women PS,arjun.patil597@ksp.gov.in,Admin,
KSP00598,Nisha Sharma,Head Constable,Tumakuru,Tumakuru West PS,nisha.sharma598@ksp.gov.in,Supervisor,
KSP00599,Divya Kulkarni,ACP,Mandya,Mandya Traffic PS,divya.kulkarni599@ksp.gov.in,Officer,
KSP00600,Priya Joshi,DySP,Hassan,Hassan Traffic PS,priya.joshi600@ksp.gov.in,Admin,
KSP00601,Suresh Nair,ASI,Chikkamagaluru,Chikkamagaluru Women PS,suresh.nair601@ksp.gov.in,Supervisor,
KSP00602,Megha Rao,DySP,Bengaluru Urban,Bengaluru Women PS,megha.rao602@ksp.gov.in,Admin,
KSP00603,Kavya Singh,Constable,Mangaluru,Mangaluru Town PS,kavya.singh603@ksp.gov.in,Supervisor,
KSP00604,Vivaan Sharma,Inspector,Shivamogga,Shivamogga Rural PS,vivaan.sharma604@ksp.gov.in,Officer,
KSP00605,Suresh Reddy,DySP,Udupi,Udupi South PS,suresh.reddy605@ksp.gov.in,Officer,
KSP00606,Kavya Hegde,DySP,Tumakuru,Tumakuru East PS,kavya.hegde606@ksp.gov.in,Admin,
KSP00607,Kavya Kumar,DySP,Mysuru,Mysuru Traffic PS,kavya.kumar607@ksp.gov.in,Supervisor,
KSP00608,Rahul Kulkarni,ACP,Kodagu,Kodagu Cyber PS,rahul.kulkarni608@ksp.gov.in,Admin,
KSP00609,Asha Joshi,ACP,Bengaluru Rural,Bengaluru Cyber PS,asha.joshi609@ksp.gov.in,Officer,
KSP00610,Rohit Hegde,ACP,Mandya,Mandya Central PS,rohit.hegde610@ksp.gov.in,Supervisor,
KSP00611,Divya Nair,Head Constable,Tumakuru,Tumakuru Traffic PS,divya.nair611@ksp.gov.in,Officer,
KSP00612,Kavya Bhat,ACP,Bengaluru Rural,Bengaluru Central PS,kavya.bhat612@ksp.gov.in,Supervisor,
KSP00613,Rahul Gowda,ASI,Hassan,Hassan North PS,rahul.gowda613@ksp.gov.in,Admin,
KSP00614,Kiran Singh,Constable,Kalaburagi,Kalaburagi Central PS,kiran.singh614@ksp.gov.in,Admin,
KSP00615,Rohit Kulkarni,Constable,Shivamogga,Shivamogga Traffic PS,rohit.kulkarni615@ksp.gov.in,Supervisor,
KSP00616,Aarav Sharma,DySP,Davanagere,Davanagere Cyber PS,aarav.sharma616@ksp.gov.in,Officer,
KSP00617,Kavya Verma,DySP,Hubballi,Hubballi Rural PS,kavya.verma617@ksp.gov.in,Officer,
KSP00618,Pooja Patil,Head Constable,Hubballi,Hubballi Central PS,pooja.patil618@ksp.gov.in,Officer,
KSP00619,Rahul Verma,ASI,Kodagu,Kodagu Cyber PS,rahul.verma619@ksp.gov.in,Admin,
KSP00620,Rahul Bhat,Head Constable,Belagavi,Belagavi Town PS,rahul.bhat620@ksp.gov.in,Officer,
KSP00621,Priya Hegde,ASI,Davanagere,Davanagere Women PS,priya.hegde621@ksp.gov.in,Supervisor,
KSP00622,Pooja Gowda,SI,Tumakuru,Tumakuru Central PS,pooja.gowda622@ksp.gov.in,Officer,
KSP00623,Priya Verma,SI,Kolar,Kolar North PS,priya.verma623@ksp.gov.in,Officer,
KSP00624,Sneha Singh,Inspector,Vijayapura,Vijayapura West PS,sneha.singh624@ksp.gov.in,Supervisor,
KSP00625,Sneha Rao,SI,Hubballi,Hubballi Traffic PS,sneha.rao625@ksp.gov.in,Officer,
KSP00626,Aditya Verma,Constable,Vijayapura,Vijayapura South PS,aditya.verma626@ksp.gov.in,Admin,
KSP00627,Priya Shetty,Constable,Davanagere,Davanagere Cyber PS,priya.shetty627@ksp.gov.in,Officer,
KSP00628,Nisha Bhat,ACP,Shivamogga,Shivamogga Town PS,nisha.bhat628@ksp.gov.in,Officer,
KSP00629,Rohit Hegde,ACP,Kodagu,Kodagu Town PS,rohit.hegde629@ksp.gov.in,Admin,
KSP00630,Arjun Hegde,ACP,Raichur,Raichur West PS,arjun.hegde630@ksp.gov.in,Admin,
KSP00631,Megha Gowda,ASI,Tumakuru,Tumakuru Central PS,megha.gowda631@ksp.gov.in,Admin,
KSP00632,Sneha Naik,ASI,Raichur,Raichur Cyber PS,sneha.naik632@ksp.gov.in,Supervisor,
KSP00633,Asha Shetty,ASI,Tumakuru,Tumakuru East PS,asha.shetty633@ksp.gov.in,Officer,
KSP00634,Kiran Sharma,SI,Tumakuru,Tumakuru Town PS,kiran.sharma634@ksp.gov.in,Supervisor,
KSP00635,Suresh Singh,ACP,Kodagu,Kodagu East PS,suresh.singh635@ksp.gov.in,Admin,
KSP00636,Priya Kumar,ACP,Udupi,Udupi Town PS,priya.kumar636@ksp.gov.in,Supervisor,
KSP00637,Kiran Shetty,Constable,Bengaluru Urban,Bengaluru Women PS,kiran.shetty637@ksp.gov.in,Supervisor,
KSP00638,Sneha Verma,Constable,Vijayapura,Vijayapura Town PS,sneha.verma638@ksp.gov.in,Admin,
KSP00639,Megha Shetty,DySP,Kodagu,Kodagu East PS,megha.shetty639@ksp.gov.in,Admin,
KSP00640,Suresh Naik,Constable,Bengaluru Urban,Bengaluru Rural PS,suresh.naik640@ksp.gov.in,Supervisor,
KSP00641,Arjun Verma,ASI,Hubballi,Hubballi Cyber PS,arjun.verma641@ksp.gov.in,Admin,
KSP00642,Divya Hegde,SI,Kodagu,Kodagu North PS,divya.hegde642@ksp.gov.in,Admin,
KSP00643,Manoj Kulkarni,Head Constable,Raichur,Raichur Town PS,manoj.kulkarni643@ksp.gov.in,Supervisor,
KSP00644,Rohit Kumar,Head Constable,Vijayapura,Vijayapura Town PS,rohit.kumar644@ksp.gov.in,Officer,
KSP00645,Kavya Kulkarni,SI,Mysuru,Mysuru Cyber PS,kavya.kulkarni645@ksp.gov.in,Admin,
KSP00646,Aarav Joshi,ACP,Udupi,Udupi Traffic PS,aarav.joshi646@ksp.gov.in,Supervisor,
KSP00647,Deepa Hegde,ACP,Raichur,Raichur East PS,deepa.hegde647@ksp.gov.in,Admin,
KSP00648,Vikram Gowda,Head Constable,Dharwad,Dharwad South PS,vikram.gowda648@ksp.gov.in,Admin,
KSP00649,Deepa Patil,Head Constable,Tumakuru,Tumakuru Cyber PS,deepa.patil649@ksp.gov.in,Admin,
KSP00650,Megha Reddy,Inspector,Mangaluru,Mangaluru Cyber PS,megha.reddy650@ksp.gov.in,Admin,
KSP00651,Sneha Rao,ACP,Kolar,Kolar Central PS,sneha.rao651@ksp.gov.in,Admin,
KSP00652,Sneha Patil,ASI,Vijayapura,Vijayapura Women PS,sneha.patil652@ksp.gov.in,Admin,
KSP00653,Rahul Singh,DySP,Mangaluru,Mangaluru West PS,rahul.singh653@ksp.gov.in,Admin,
KSP00654,Rahul Naik,Constable,Udupi,Udupi Town PS,rahul.naik654@ksp.gov.in,Officer,
KSP00655,Suresh Verma,ASI,Kodagu,Kodagu Rural PS,suresh.verma655@ksp.gov.in,Supervisor,
KSP00656,Aarav Naik,Inspector,Shivamogga,Shivamogga Cyber PS,aarav.naik656@ksp.gov.in,Admin,
KSP00657,Rahul Sharma,Inspector,Belagavi,Belagavi Traffic PS,rahul.sharma657@ksp.gov.in,Supervisor,
KSP00658,Aditya Bhat,Inspector,Mandya,Mandya East PS,aditya.bhat658@ksp.gov.in,Admin,
KSP00659,Aarav Singh,ASI,Bengaluru Urban,Bengaluru Town PS,aarav.singh659@ksp.gov.in,Officer,
KSP00660,Priya Bhat,ASI,Tumakuru,Tumakuru South PS,priya.bhat660@ksp.gov.in,Admin,
KSP00661,Nisha Singh,ACP,Vijayapura,Vijayapura North PS,nisha.singh661@ksp.gov.in,Supervisor,
KSP00662,Ananya Gowda,DySP,Chikkamagaluru,Chikkamagaluru Women PS,ananya.gowda662@ksp.gov.in,Admin,
KSP00663,Pooja Hegde,Inspector,Udupi,Udupi Women PS,pooja.hegde663@ksp.gov.in,Admin,
KSP00664,Pooja Hegde,DySP,Hassan,Hassan Traffic PS,pooja.hegde664@ksp.gov.in,Supervisor,
KSP00665,Aditya Kumar,Inspector,Raichur,Raichur Traffic PS,aditya.kumar665@ksp.gov.in,Supervisor,
KSP00666,Divya Gowda,Head Constable,Shivamogga,Shivamogga North PS,divya.gowda666@ksp.gov.in,Supervisor,
KSP00667,Rahul Nair,ASI,Chikkamagaluru,Chikkamagaluru Rural PS,rahul.nair667@ksp.gov.in,Officer,
KSP00668,Pooja Shetty,SI,Hassan,Hassan Rural PS,pooja.shetty668@ksp.gov.in,Officer,
KSP00669,Deepa Singh,ASI,Mangaluru,Mangaluru Women PS,deepa.singh669@ksp.gov.in,Supervisor,
KSP00670,Vivaan Patil,Inspector,Belagavi,Belagavi North PS,vivaan.patil670@ksp.gov.in,Officer,
KSP00671,Arjun Sharma,ACP,Kodagu,Kodagu Traffic PS,arjun.sharma671@ksp.gov.in,Supervisor,
KSP00672,Rohit Bhat,Constable,Vijayapura,Vijayapura Cyber PS,rohit.bhat672@ksp.gov.in,Supervisor,
KSP00673,Deepa Verma,Head Constable,Mandya,Mandya Town PS,deepa.verma673@ksp.gov.in,Officer,
KSP00674,Ananya Bhat,ASI,Vijayapura,Vijayapura Town PS,ananya.bhat674@ksp.gov.in,Admin,
KSP00675,Kavya Bhat,DySP,Bengaluru Urban,Bengaluru Rural PS,kavya.bhat675@ksp.gov.in,Supervisor,
KSP00676,Rohit Shetty,Head Constable,Kalaburagi,Kalaburagi Central PS,rohit.shetty676@ksp.gov.in,Admin,
KSP00677,Arjun Kulkarni,Head Constable,Bengaluru Urban,Bengaluru North PS,arjun.kulkarni677@ksp.gov.in,Officer,
KSP00678,Arjun Sharma,SI,Raichur,Raichur Town PS,arjun.sharma678@ksp.gov.in,Admin,
KSP00679,Megha Kulkarni,SI,Kalaburagi,Kalaburagi Cyber PS,megha.kulkarni679@ksp.gov.in,Supervisor,
KSP00680,Deepa Hegde,Head Constable,Mangaluru,Mangaluru South PS,deepa.hegde680@ksp.gov.in,Admin,
KSP00681,Pooja Reddy,Constable,Dharwad,Dharwad Central PS,pooja.reddy681@ksp.gov.in,Officer,
KSP00682,Megha Naik,ASI,Shivamogga,Shivamogga Central PS,megha.naik682@ksp.gov.in,Supervisor,
KSP00683,Nisha Joshi,ACP,Hubballi,Hubballi West PS,nisha.joshi683@ksp.gov.in,Admin,
KSP00684,Suresh Reddy,Inspector,Hassan,Hassan Cyber PS,suresh.reddy684@ksp.gov.in,Officer,
KSP00685,Arjun Naik,ASI,Kodagu,Kodagu Cyber PS,arjun.naik685@ksp.gov.in,Admin,
KSP00686,Kiran Nair,SI,Raichur,Raichur South PS,kiran.nair686@ksp.gov.in,Admin,
KSP00687,Aarav Gowda,ASI,Chikkamagaluru,Chikkamagaluru Central PS,aarav.gowda687@ksp.gov.in,Supervisor,
KSP00688,Asha Hegde,Constable,Chikkamagaluru,Chikkamagaluru East PS,asha.hegde688@ksp.gov.in,Officer,
KSP00689,Ananya Kumar,ACP,Hubballi,Hubballi Cyber PS,ananya.kumar689@ksp.gov.in,Admin,
KSP00690,Megha Rao,SI,Chikkamagaluru,Chikkamagaluru South PS,megha.rao690@ksp.gov.in,Officer,
KSP00691,Kavya Singh,Constable,Tumakuru,Tumakuru Women PS,kavya.singh691@ksp.gov.in,Officer,
KSP00692,Kiran Singh,Head Constable,Bengaluru Rural,Bengaluru East PS,kiran.singh692@ksp.gov.in,Supervisor,
KSP00693,Manoj Verma,Head Constable,Kalaburagi,Kalaburagi Rural PS,manoj.verma693@ksp.gov.in,Officer,
KSP00694,Kiran Singh,Head Constable,Mandya,Mandya Rural PS,kiran.singh694@ksp.gov.in,Supervisor,
KSP00695,Kiran Gowda,Head Constable,Dharwad,Dharwad West PS,kiran.gowda695@ksp.gov.in,Supervisor,
KSP00696,Ananya Kulkarni,SI,Chikkamagaluru,Chikkamagaluru Rural PS,ananya.kulkarni696@ksp.gov.in,Officer,
KSP00697,Asha Kumar,DySP,Shivamogga,Shivamogga Cyber PS,asha.kumar697@ksp.gov.in,Officer,
KSP00698,Kiran Rao,ACP,Belagavi,Belagavi Town PS,kiran.rao698@ksp.gov.in,Supervisor,
KSP00699,Pooja Sharma,DySP,Kalaburagi,Kalaburagi North PS,pooja.sharma699@ksp.gov.in,Supervisor,
KSP00700,Deepa Nair,DySP,Raichur,Raichur Cyber PS,deepa.nair700@ksp.gov.in,Officer,
KSP00701,Rohit Verma,ACP,Kalaburagi,Kalaburagi South PS,rohit.verma701@ksp.gov.in,Supervisor,
KSP00702,Asha Patil,Constable,Bengaluru Urban,Bengaluru Town PS,asha.patil702@ksp.gov.in,Officer,
KSP00703,Sneha Hegde,DySP,Hassan,Hassan West PS,sneha.hegde703@ksp.gov.in,Supervisor,
KSP00704,Kiran Naik,Inspector,Mandya,Mandya Rural PS,kiran.naik704@ksp.gov.in,Admin,
KSP00705,Aarav Nair,Head Constable,Udupi,Udupi Women PS,aarav.nair705@ksp.gov.in,Supervisor,
KSP00706,Kavya Gowda,ASI,Hubballi,Hubballi Town PS,kavya.gowda706@ksp.gov.in,Admin,
KSP00707,Aditya Joshi,ACP,Bengaluru Rural,Bengaluru South PS,aditya.joshi707@ksp.gov.in,Supervisor,
KSP00708,Aarav Hegde,ASI,Dharwad,Dharwad Traffic PS,aarav.hegde708@ksp.gov.in,Admin,
KSP00709,Suresh Gowda,ASI,Belagavi,Belagavi Town PS,suresh.gowda709@ksp.gov.in,Officer,
KSP00710,Vivaan Bhat,SI,Bengaluru Urban,Bengaluru West PS,vivaan.bhat710@ksp.gov.in,Admin,
KSP00711,Rahul Kumar,DySP,Chikkamagaluru,Chikkamagaluru Town PS,rahul.kumar711@ksp.gov.in,Admin,
KSP00712,Aarav Rao,Constable,Vijayapura,Vijayapura Rural PS,aarav.rao712@ksp.gov.in,Admin,
KSP00713,Aarav Verma,DySP,Dharwad,Dharwad North PS,aarav.verma713@ksp.gov.in,Supervisor,
KSP00714,Manoj Rao,ASI,Mangaluru,Mangaluru South PS,manoj.rao714@ksp.gov.in,Supervisor,
KSP00715,Vikram Kumar,ACP,Bengaluru Rural,Bengaluru Rural PS,vikram.kumar715@ksp.gov.in,Officer,
KSP00716,Aarav Nair,DySP,Mandya,Mandya West PS,aarav.nair716@ksp.gov.in,Officer,
KSP00717,Divya Naik,Head Constable,Kalaburagi,Kalaburagi West PS,divya.naik717@ksp.gov.in,Officer,
KSP00718,Suresh Patil,Constable,Hubballi,Hubballi Traffic PS,suresh.patil718@ksp.gov.in,Admin,
KSP00719,Kavya Kumar,Constable,Mandya,Mandya North PS,kavya.kumar719@ksp.gov.in,Supervisor,
KSP00720,Kiran Patil,ACP,Kolar,Kolar South PS,kiran.patil720@ksp.gov.in,Admin,
KSP00721,Aarav Nair,SI,Hubballi,Hubballi Traffic PS,aarav.nair721@ksp.gov.in,Officer,
KSP00722,Kiran Patil,ASI,Udupi,Udupi Central PS,kiran.patil722@ksp.gov.in,Supervisor,
KSP00723,Deepa Shetty,SI,Raichur,Raichur East PS,deepa.shetty723@ksp.gov.in,Officer,
KSP00724,Megha Shetty,Constable,Mandya,Mandya Rural PS,megha.shetty724@ksp.gov.in,Supervisor,
KSP00725,Manoj Kulkarni,Head Constable,Shivamogga,Shivamogga Traffic PS,manoj.kulkarni725@ksp.gov.in,Officer,
KSP00726,Megha Verma,DySP,Shivamogga,Shivamogga Rural PS,megha.verma726@ksp.gov.in,Officer,
KSP00727,Manoj Kulkarni,SI,Mangaluru,Mangaluru Town PS,manoj.kulkarni727@ksp.gov.in,Supervisor,
KSP00728,Priya Patil,ACP,Shivamogga,Shivamogga Rural PS,priya.patil728@ksp.gov.in,Officer,
KSP00729,Priya Shetty,ACP,Kalaburagi,Kalaburagi Central PS,priya.shetty729@ksp.gov.in,Supervisor,
KSP00730,Megha Shetty,Constable,Raichur,Raichur South PS,megha.shetty730@ksp.gov.in,Admin,
KSP00731,Megha Kumar,Inspector,Raichur,Raichur East PS,megha.kumar731@ksp.gov.in,Supervisor,
KSP00732,Manoj Reddy,ASI,Chikkamagaluru,Chikkamagaluru Traffic PS,manoj.reddy732@ksp.gov.in,Supervisor,
KSP00733,Vivaan Sharma,Inspector,Udupi,Udupi West PS,vivaan.sharma733@ksp.gov.in,Officer,
KSP00734,Megha Hegde,ASI,Vijayapura,Vijayapura Women PS,megha.hegde734@ksp.gov.in,Supervisor,
KSP00735,Vivaan Hegde,ACP,Mangaluru,Mangaluru Cyber PS,vivaan.hegde735@ksp.gov.in,Admin,
KSP00736,Kiran Joshi,DySP,Tumakuru,Tumakuru East PS,kiran.joshi736@ksp.gov.in,Officer,
KSP00737,Megha Kumar,SI,Mangaluru,Mangaluru South PS,megha.kumar737@ksp.gov.in,Admin,
KSP00738,Rohit Shetty,SI,Bengaluru Urban,Bengaluru South PS,rohit.shetty738@ksp.gov.in,Admin,
KSP00739,Nisha Reddy,Constable,Vijayapura,Vijayapura Town PS,nisha.reddy739@ksp.gov.in,Supervisor,
KSP00740,Pooja Patil,Constable,Bengaluru Urban,Bengaluru North PS,pooja.patil740@ksp.gov.in,Officer,
KSP00741,Manoj Kumar,SI,Bengaluru Rural,Bengaluru North PS,manoj.kumar741@ksp.gov.in,Admin,
KSP00742,Rohit Sharma,ASI,Hassan,Hassan South PS,rohit.sharma742@ksp.gov.in,Supervisor,
KSP00743,Aarav Patil,ACP,Tumakuru,Tumakuru North PS,aarav.patil743@ksp.gov.in,Supervisor,
KSP00744,Rahul Kulkarni,SI,Dharwad,Dharwad Rural PS,rahul.kulkarni744@ksp.gov.in,Officer,
KSP00745,Ananya Nair,SI,Kolar,Kolar West PS,ananya.nair745@ksp.gov.in,Admin,
KSP00746,Priya Bhat,DySP,Raichur,Raichur South PS,priya.bhat746@ksp.gov.in,Admin,
KSP00747,Aditya Naik,Constable,Davanagere,Davanagere Town PS,aditya.naik747@ksp.gov.in,Admin,
KSP00748,Aarav Sharma,DySP,Tumakuru,Tumakuru Town PS,aarav.sharma748@ksp.gov.in,Supervisor,
KSP00749,Nisha Kumar,Constable,Udupi,Udupi Traffic PS,nisha.kumar749@ksp.gov.in,Officer,
KSP00750,Ananya Singh,Head Constable,Bengaluru Urban,Bengaluru East PS,ananya.singh750@ksp.gov.in,Admin,
KSP00751,Megha Verma,ACP,Dharwad,Dharwad East PS,megha.verma751@ksp.gov.in,Supervisor,
KSP00752,Priya Verma,Head Constable,Hubballi,Hubballi North PS,priya.verma752@ksp.gov.in,Supervisor,
KSP00753,Kiran Joshi,Head Constable,Bengaluru Urban,Bengaluru East PS,kiran.joshi753@ksp.gov.in,Supervisor,
KSP00754,Kiran Naik,Head Constable,Kodagu,Kodagu North PS,kiran.naik754@ksp.gov.in,Admin,
KSP00755,Pooja Reddy,Head Constable,Udupi,Udupi Rural PS,pooja.reddy755@ksp.gov.in,Admin,
KSP00756,Rahul Verma,ASI,Dharwad,Dharwad West PS,rahul.verma756@ksp.gov.in,Supervisor,
KSP00757,Sneha Naik,ACP,Hassan,Hassan Rural PS,sneha.naik757@ksp.gov.in,Supervisor,
KSP00758,Manoj Rao,ACP,Bengaluru Urban,Bengaluru Cyber PS,manoj.rao758@ksp.gov.in,Officer,
KSP00759,Suresh Joshi,Head Constable,Tumakuru,Tumakuru Central PS,suresh.joshi759@ksp.gov.in,Supervisor,
KSP00760,Kiran Patil,Constable,Vijayapura,Vijayapura Women PS,kiran.patil760@ksp.gov.in,Admin,
KSP00761,Rohit Reddy,DySP,Hassan,Hassan Traffic PS,rohit.reddy761@ksp.gov.in,Admin,
KSP00762,Rohit Patil,Constable,Bengaluru Urban,Bengaluru Cyber PS,rohit.patil762@ksp.gov.in,Supervisor,
KSP00763,Rahul Patil,Constable,Kolar,Kolar Cyber PS,rahul.patil763@ksp.gov.in,Supervisor,
KSP00764,Kiran Joshi,ACP,Kalaburagi,Kalaburagi West PS,kiran.joshi764@ksp.gov.in,Officer,
KSP00765,Megha Patil,Head Constable,Belagavi,Belagavi Rural PS,megha.patil765@ksp.gov.in,Admin,
KSP00766,Nisha Nair,ACP,Mangaluru,Mangaluru East PS,nisha.nair766@ksp.gov.in,Supervisor,
KSP00767,Rohit Verma,ASI,Mysuru,Mysuru Cyber PS,rohit.verma767@ksp.gov.in,Officer,
KSP00768,Nisha Hegde,ACP,Dharwad,Dharwad Women PS,nisha.hegde768@ksp.gov.in,Supervisor,
KSP00769,Rohit Sharma,ASI,Dharwad,Dharwad Rural PS,rohit.sharma769@ksp.gov.in,Supervisor,
KSP00770,Vikram Naik,SI,Davanagere,Davanagere Cyber PS,vikram.naik770@ksp.gov.in,Supervisor,
KSP00771,Manoj Rao,Inspector,Mandya,Mandya South PS,manoj.rao771@ksp.gov.in,Supervisor,
KSP00772,Megha Singh,Constable,Bengaluru Rural,Bengaluru Traffic PS,megha.singh772@ksp.gov.in,Supervisor,
KSP00773,Pooja Verma,Inspector,Udupi,Udupi Traffic PS,pooja.verma773@ksp.gov.in,Officer,
KSP00774,Megha Verma,Inspector,Raichur,Raichur South PS,megha.verma774@ksp.gov.in,Admin,
KSP00775,Manoj Hegde,DySP,Udupi,Udupi Cyber PS,manoj.hegde775@ksp.gov.in,Supervisor,
KSP00776,Vivaan Joshi,SI,Belagavi,Belagavi South PS,vivaan.joshi776@ksp.gov.in,Officer,
KSP00777,Ananya Gowda,Constable,Bengaluru Rural,Bengaluru South PS,ananya.gowda777@ksp.gov.in,Admin,
KSP00778,Sneha Verma,SI,Vijayapura,Vijayapura Cyber PS,sneha.verma778@ksp.gov.in,Officer,
KSP00779,Sneha Verma,Inspector,Shivamogga,Shivamogga Traffic PS,sneha.verma779@ksp.gov.in,Admin,
KSP00780,Nisha Shetty,ACP,Raichur,Raichur West PS,nisha.shetty780@ksp.gov.in,Supervisor,
KSP00781,Aditya Singh,ASI,Kalaburagi,Kalaburagi East PS,aditya.singh781@ksp.gov.in,Admin,
KSP00782,Manoj Nair,SI,Hubballi,Hubballi Rural PS,manoj.nair782@ksp.gov.in,Supervisor,
KSP00783,Rohit Gowda,Head Constable,Hubballi,Hubballi Rural PS,rohit.gowda783@ksp.gov.in,Supervisor,
KSP00784,Vivaan Rao,Constable,Mangaluru,Mangaluru Rural PS,vivaan.rao784@ksp.gov.in,Admin,
KSP00785,Kavya Kumar,Inspector,Kodagu,Kodagu Cyber PS,kavya.kumar785@ksp.gov.in,Officer,
KSP00786,Aarav Sharma,DySP,Kalaburagi,Kalaburagi West PS,aarav.sharma786@ksp.gov.in,Admin,
KSP00787,Deepa Patil,Inspector,Bengaluru Urban,Bengaluru South PS,deepa.patil787@ksp.gov.in,Admin,
KSP00788,Aditya Kumar,ACP,Mysuru,Mysuru Cyber PS,aditya.kumar788@ksp.gov.in,Officer,
KSP00789,Manoj Kumar,Head Constable,Udupi,Udupi Central PS,manoj.kumar789@ksp.gov.in,Officer,
KSP00790,Vivaan Naik,ACP,Raichur,Raichur East PS,vivaan.naik790@ksp.gov.in,Admin,
KSP00791,Asha Rao,ACP,Ballari,Ballari West PS,asha.rao791@ksp.gov.in,Officer,
KSP00792,Aditya Shetty,ASI,Chikkamagaluru,Chikkamagaluru Traffic PS,aditya.shetty792@ksp.gov.in,Supervisor,
KSP00793,Pooja Singh,ASI,Tumakuru,Tumakuru Traffic PS,pooja.singh793@ksp.gov.in,Admin,
KSP00794,Pooja Kumar,DySP,Davanagere,Davanagere West PS,pooja.kumar794@ksp.gov.in,Supervisor,
KSP00795,Suresh Bhat,Constable,Hassan,Hassan North PS,suresh.bhat795@ksp.gov.in,Officer,
KSP00796,Sneha Bhat,DySP,Raichur,Raichur Central PS,sneha.bhat796@ksp.gov.in,Supervisor,
KSP00797,Suresh Rao,ASI,Hassan,Hassan Central PS,suresh.rao797@ksp.gov.in,Officer,
KSP00798,Ananya Reddy,ACP,Udupi,Udupi East PS,ananya.reddy798@ksp.gov.in,Supervisor,
KSP00799,Suresh Shetty,DySP,Raichur,Raichur Cyber PS,suresh.shetty799@ksp.gov.in,Admin,
KSP00800,Priya Kulkarni,ASI,Bengaluru Rural,Bengaluru Town PS,priya.kulkarni800@ksp.gov.in,Admin,
KSP00801,Pooja Singh,ACP,Tumakuru,Tumakuru Cyber PS,pooja.singh801@ksp.gov.in,Admin,
KSP00802,Megha Rao,Inspector,Vijayapura,Vijayapura Central PS,megha.rao802@ksp.gov.in,Supervisor,
KSP00803,Deepa Hegde,ACP,Vijayapura,Vijayapura Cyber PS,deepa.hegde803@ksp.gov.in,Officer,
KSP00804,Suresh Joshi,Inspector,Vijayapura,Vijayapura East PS,suresh.joshi804@ksp.gov.in,Supervisor,
KSP00805,Rohit Reddy,Constable,Chikkamagaluru,Chikkamagaluru Town PS,rohit.reddy805@ksp.gov.in,Officer,
KSP00806,Arjun Joshi,SI,Hubballi,Hubballi East PS,arjun.joshi806@ksp.gov.in,Officer,
KSP00807,Nisha Kumar,DySP,Raichur,Raichur Women PS,nisha.kumar807@ksp.gov.in,Admin,
KSP00808,Kavya Shetty,Head Constable,Shivamogga,Shivamogga North PS,kavya.shetty808@ksp.gov.in,Officer,
KSP00809,Sneha Reddy,ASI,Davanagere,Davanagere South PS,sneha.reddy809@ksp.gov.in,Supervisor,
KSP00810,Megha Kulkarni,Constable,Raichur,Raichur East PS,megha.kulkarni810@ksp.gov.in,Admin,
KSP00811,Rohit Patil,ASI,Udupi,Udupi Cyber PS,rohit.patil811@ksp.gov.in,Admin,
KSP00812,Vivaan Kulkarni,Head Constable,Mangaluru,Mangaluru East PS,vivaan.kulkarni812@ksp.gov.in,Officer,
KSP00813,Manoj Rao,ASI,Mangaluru,Mangaluru East PS,manoj.rao813@ksp.gov.in,Officer,
KSP00814,Deepa Patil,ASI,Udupi,Udupi Cyber PS,deepa.patil814@ksp.gov.in,Supervisor,
KSP00815,Rohit Rao,ASI,Dharwad,Dharwad Town PS,rohit.rao815@ksp.gov.in,Admin,
KSP00816,Aarav Nair,SI,Tumakuru,Tumakuru Traffic PS,aarav.nair816@ksp.gov.in,Officer,
KSP00817,Kiran Shetty,ACP,Raichur,Raichur West PS,kiran.shetty817@ksp.gov.in,Supervisor,
KSP00818,Pooja Kumar,Inspector,Ballari,Ballari Central PS,pooja.kumar818@ksp.gov.in,Supervisor,
KSP00819,Aditya Kulkarni,Head Constable,Kolar,Kolar Town PS,aditya.kulkarni819@ksp.gov.in,Officer,
KSP00820,Rohit Sharma,ASI,Shivamogga,Shivamogga North PS,rohit.sharma820@ksp.gov.in,Supervisor,
KSP00821,Kavya Rao,Inspector,Shivamogga,Shivamogga North PS,kavya.rao821@ksp.gov.in,Admin,
KSP00822,Deepa Gowda,DySP,Bengaluru Rural,Bengaluru South PS,deepa.gowda822@ksp.gov.in,Admin,
KSP00823,Rahul Patil,Head Constable,Bengaluru Urban,Bengaluru Central PS,rahul.patil823@ksp.gov.in,Admin,
KSP00824,Rahul Singh,Constable,Dharwad,Dharwad Women PS,rahul.singh824@ksp.gov.in,Supervisor,
KSP00825,Rohit Sharma,ASI,Kolar,Kolar Central PS,rohit.sharma825@ksp.gov.in,Admin,
KSP00826,Rohit Singh,Constable,Kolar,Kolar South PS,rohit.singh826@ksp.gov.in,Admin,
KSP00827,Vikram Bhat,ASI,Mangaluru,Mangaluru Central PS,vikram.bhat827@ksp.gov.in,Supervisor,
KSP00828,Divya Shetty,DySP,Kalaburagi,Kalaburagi West PS,divya.shetty828@ksp.gov.in,Officer,
KSP00829,Asha Bhat,ACP,Mysuru,Mysuru East PS,asha.bhat829@ksp.gov.in,Supervisor,
KSP00830,Asha Gowda,ACP,Chikkamagaluru,Chikkamagaluru Central PS,asha.gowda830@ksp.gov.in,Admin,
KSP00831,Ananya Nair,SI,Kalaburagi,Kalaburagi Women PS,ananya.nair831@ksp.gov.in,Admin,
KSP00832,Vikram Gowda,Constable,Mangaluru,Mangaluru Women PS,vikram.gowda832@ksp.gov.in,Officer,
KSP00833,Kiran Verma,Constable,Kodagu,Kodagu Women PS,kiran.verma833@ksp.gov.in,Officer,
KSP00834,Megha Naik,Constable,Kolar,Kolar Town PS,megha.naik834@ksp.gov.in,Admin,
KSP00835,Kiran Kumar,DySP,Belagavi,Belagavi West PS,kiran.kumar835@ksp.gov.in,Officer,
KSP00836,Aditya Patil,SI,Mandya,Mandya Town PS,aditya.patil836@ksp.gov.in,Supervisor,
KSP00837,Aarav Singh,ACP,Vijayapura,Vijayapura Women PS,aarav.singh837@ksp.gov.in,Supervisor,
KSP00838,Vivaan Patil,DySP,Shivamogga,Shivamogga Central PS,vivaan.patil838@ksp.gov.in,Supervisor,
KSP00839,Kiran Hegde,Head Constable,Udupi,Udupi Central PS,kiran.hegde839@ksp.gov.in,Officer,
KSP00840,Asha Kulkarni,Head Constable,Vijayapura,Vijayapura Rural PS,asha.kulkarni840@ksp.gov.in,Supervisor,
KSP00841,Vikram Singh,ACP,Raichur,Raichur Rural PS,vikram.singh841@ksp.gov.in,Officer,
KSP00842,Vikram Kulkarni,Inspector,Hassan,Hassan North PS,vikram.kulkarni842@ksp.gov.in,Supervisor,
KSP00843,Asha Verma,Inspector,Kodagu,Kodagu Town PS,asha.verma843@ksp.gov.in,Admin,
KSP00844,Suresh Hegde,ACP,Kolar,Kolar East PS,suresh.hegde844@ksp.gov.in,Admin,
KSP00845,Aditya Kulkarni,SI,Hubballi,Hubballi Traffic PS,aditya.kulkarni845@ksp.gov.in,Admin,
KSP00846,Rahul Kulkarni,ASI,Kodagu,Kodagu Town PS,rahul.kulkarni846@ksp.gov.in,Admin,
KSP00847,Vivaan Bhat,Constable,Tumakuru,Tumakuru North PS,vivaan.bhat847@ksp.gov.in,Supervisor,
KSP00848,Rohit Reddy,ACP,Hubballi,Hubballi West PS,rohit.reddy848@ksp.gov.in,Admin,
KSP00849,Asha Sharma,Inspector,Chikkamagaluru,Chikkamagaluru North PS,asha.sharma849@ksp.gov.in,Officer,
KSP00850,Vivaan Gowda,Constable,Belagavi,Belagavi Cyber PS,vivaan.gowda850@ksp.gov.in,Supervisor,
KSP00851,Aarav Rao,Constable,Kolar,Kolar South PS,aarav.rao851@ksp.gov.in,Supervisor,
KSP00852,Vikram Kumar,SI,Hubballi,Hubballi Rural PS,vikram.kumar852@ksp.gov.in,Officer,
KSP00853,Divya Naik,SI,Dharwad,Dharwad Rural PS,divya.naik853@ksp.gov.in,Officer,
KSP00854,Divya Joshi,Constable,Hubballi,Hubballi Town PS,divya.joshi854@ksp.gov.in,Officer,
KSP00855,Kavya Joshi,SI,Kolar,Kolar Cyber PS,kavya.joshi855@ksp.gov.in,Admin,
KSP00856,Rahul Nair,ASI,Shivamogga,Shivamogga Cyber PS,rahul.nair856@ksp.gov.in,Officer,
KSP00857,Manoj Shetty,ACP,Mangaluru,Mangaluru Traffic PS,manoj.shetty857@ksp.gov.in,Officer,
KSP00858,Deepa Reddy,Inspector,Raichur,Raichur Traffic PS,deepa.reddy858@ksp.gov.in,Supervisor,
KSP00859,Aditya Kulkarni,Inspector,Kalaburagi,Kalaburagi Town PS,aditya.kulkarni859@ksp.gov.in,Supervisor,
KSP00860,Megha Kumar,ACP,Davanagere,Davanagere East PS,megha.kumar860@ksp.gov.in,Officer,
KSP00861,Manoj Reddy,Head Constable,Mysuru,Mysuru Town PS,manoj.reddy861@ksp.gov.in,Admin,
KSP00862,Priya Joshi,ASI,Ballari,Ballari Traffic PS,priya.joshi862@ksp.gov.in,Supervisor,
KSP00863,Vivaan Rao,Constable,Mysuru,Mysuru Cyber PS,vivaan.rao863@ksp.gov.in,Supervisor,
KSP00864,Kiran Patil,Constable,Bengaluru Rural,Bengaluru Cyber PS,kiran.patil864@ksp.gov.in,Officer,
KSP00865,Divya Rao,DySP,Kolar,Kolar South PS,divya.rao865@ksp.gov.in,Admin,
KSP00866,Priya Reddy,ACP,Vijayapura,Vijayapura Town PS,priya.reddy866@ksp.gov.in,Admin,
KSP00867,Aditya Sharma,Constable,Dharwad,Dharwad Rural PS,aditya.sharma867@ksp.gov.in,Supervisor,
KSP00868,Ananya Verma,Constable,Kolar,Kolar East PS,ananya.verma868@ksp.gov.in,Supervisor,
KSP00869,Suresh Shetty,DySP,Raichur,Raichur Rural PS,suresh.shetty869@ksp.gov.in,Supervisor,
KSP00870,Ananya Shetty,Inspector,Hassan,Hassan Traffic PS,ananya.shetty870@ksp.gov.in,Officer,
KSP00871,Priya Shetty,ASI,Bengaluru Urban,Bengaluru North PS,priya.shetty871@ksp.gov.in,Officer,
KSP00872,Kavya Gowda,Inspector,Dharwad,Dharwad Women PS,kavya.gowda872@ksp.gov.in,Admin,
KSP00873,Aarav Patil,ASI,Vijayapura,Vijayapura Rural PS,aarav.patil873@ksp.gov.in,Admin,
KSP00874,Aarav Patil,Head Constable,Bengaluru Rural,Bengaluru North PS,aarav.patil874@ksp.gov.in,Officer,
KSP00875,Deepa Verma,Head Constable,Chikkamagaluru,Chikkamagaluru North PS,deepa.verma875@ksp.gov.in,Admin,
KSP00876,Ananya Kulkarni,DySP,Tumakuru,Tumakuru Cyber PS,ananya.kulkarni876@ksp.gov.in,Officer,
KSP00877,Vikram Hegde,ACP,Ballari,Ballari Rural PS,vikram.hegde877@ksp.gov.in,Admin,
KSP00878,Vivaan Kumar,SI,Mysuru,Mysuru South PS,vivaan.kumar878@ksp.gov.in,Officer,
KSP00879,Suresh Gowda,ASI,Tumakuru,Tumakuru North PS,suresh.gowda879@ksp.gov.in,Supervisor,
KSP00880,Kiran Sharma,DySP,Ballari,Ballari North PS,kiran.sharma880@ksp.gov.in,Supervisor,
KSP00881,Rohit Reddy,ACP,Ballari,Ballari South PS,rohit.reddy881@ksp.gov.in,Admin,
KSP00882,Aarav Kulkarni,Constable,Chikkamagaluru,Chikkamagaluru West PS,aarav.kulkarni882@ksp.gov.in,Officer,
KSP00883,Pooja Hegde,Head Constable,Kalaburagi,Kalaburagi Rural PS,pooja.hegde883@ksp.gov.in,Supervisor,
KSP00884,Suresh Hegde,Constable,Mangaluru,Mangaluru Women PS,suresh.hegde884@ksp.gov.in,Officer,
KSP00885,Sneha Singh,Head Constable,Bengaluru Urban,Bengaluru South PS,sneha.singh885@ksp.gov.in,Admin,
KSP00886,Pooja Hegde,Inspector,Belagavi,Belagavi West PS,pooja.hegde886@ksp.gov.in,Supervisor,
KSP00887,Deepa Hegde,Inspector,Mandya,Mandya Central PS,deepa.hegde887@ksp.gov.in,Officer,
KSP00888,Nisha Verma,DySP,Belagavi,Belagavi Central PS,nisha.verma888@ksp.gov.in,Officer,
KSP00889,Kavya Patil,ASI,Ballari,Ballari East PS,kavya.patil889@ksp.gov.in,Officer,
KSP00890,Rohit Hegde,Inspector,Ballari,Ballari South PS,rohit.hegde890@ksp.gov.in,Admin,
KSP00891,Asha Reddy,DySP,Bengaluru Urban,Bengaluru Traffic PS,asha.reddy891@ksp.gov.in,Supervisor,
KSP00892,Ananya Kumar,SI,Mandya,Mandya Women PS,ananya.kumar892@ksp.gov.in,Officer,
KSP00893,Ananya Patil,ASI,Bengaluru Urban,Bengaluru North PS,ananya.patil893@ksp.gov.in,Officer,
KSP00894,Manoj Reddy,ACP,Hassan,Hassan West PS,manoj.reddy894@ksp.gov.in,Supervisor,
KSP00895,Vikram Kulkarni,SI,Kolar,Kolar North PS,vikram.kulkarni895@ksp.gov.in,Supervisor,
KSP00896,Vivaan Shetty,ASI,Hubballi,Hubballi Rural PS,vivaan.shetty896@ksp.gov.in,Admin,
KSP00897,Suresh Sharma,SI,Chikkamagaluru,Chikkamagaluru Traffic PS,suresh.sharma897@ksp.gov.in,Officer,
KSP00898,Kavya Nair,ACP,Hubballi,Hubballi Women PS,kavya.nair898@ksp.gov.in,Officer,
KSP00899,Arjun Sharma,ASI,Bengaluru Rural,Bengaluru Cyber PS,arjun.sharma899@ksp.gov.in,Officer,
KSP00900,Suresh Rao,Head Constable,Tumakuru,Tumakuru Rural PS,suresh.rao900@ksp.gov.in,Officer,
KSP00901,Vivaan Kulkarni,ACP,Dharwad,Dharwad Rural PS,vivaan.kulkarni901@ksp.gov.in,Admin,
KSP00902,Kiran Bhat,ACP,Mysuru,Mysuru Women PS,kiran.bhat902@ksp.gov.in,Admin,
KSP00903,Deepa Kumar,ACP,Belagavi,Belagavi South PS,deepa.kumar903@ksp.gov.in,Admin,
KSP00904,Asha Naik,Constable,Vijayapura,Vijayapura West PS,asha.naik904@ksp.gov.in,Admin,
KSP00905,Megha Singh,SI,Hassan,Hassan Women PS,megha.singh905@ksp.gov.in,Supervisor,
KSP00906,Manoj Kulkarni,ACP,Mangaluru,Mangaluru Women PS,manoj.kulkarni906@ksp.gov.in,Supervisor,
KSP00907,Asha Kumar,Head Constable,Hassan,Hassan Traffic PS,asha.kumar907@ksp.gov.in,Admin,
KSP00908,Aarav Sharma,Constable,Kolar,Kolar South PS,aarav.sharma908@ksp.gov.in,Supervisor,
KSP00909,Nisha Sharma,DySP,Ballari,Ballari Town PS,nisha.sharma909@ksp.gov.in,Admin,
KSP00910,Megha Shetty,Inspector,Hubballi,Hubballi South PS,megha.shetty910@ksp.gov.in,Supervisor,
KSP00911,Divya Kumar,DySP,Chikkamagaluru,Chikkamagaluru North PS,divya.kumar911@ksp.gov.in,Officer,
KSP00912,Aditya Naik,SI,Davanagere,Davanagere Town PS,aditya.naik912@ksp.gov.in,Supervisor,
KSP00913,Vikram Reddy,Inspector,Vijayapura,Vijayapura Town PS,vikram.reddy913@ksp.gov.in,Supervisor,
KSP00914,Suresh Patil,ASI,Dharwad,Dharwad South PS,suresh.patil914@ksp.gov.in,Officer,
KSP00915,Vikram Shetty,Constable,Bengaluru Urban,Bengaluru South PS,vikram.shetty915@ksp.gov.in,Officer,
KSP00916,Ananya Kulkarni,Head Constable,Tumakuru,Tumakuru Traffic PS,ananya.kulkarni916@ksp.gov.in,Admin,
KSP00917,Aditya Bhat,SI,Mangaluru,Mangaluru Town PS,aditya.bhat917@ksp.gov.in,Admin,
KSP00918,Vikram Gowda,Head Constable,Udupi,Udupi Central PS,vikram.gowda918@ksp.gov.in,Officer,
KSP00919,Vikram Sharma,Constable,Mysuru,Mysuru East PS,vikram.sharma919@ksp.gov.in,Admin,
KSP00920,Divya Joshi,SI,Vijayapura,Vijayapura Town PS,divya.joshi920@ksp.gov.in,Admin,
KSP00921,Suresh Kumar,ASI,Hubballi,Hubballi Rural PS,suresh.kumar921@ksp.gov.in,Admin,
KSP00922,Asha Patil,DySP,Hassan,Hassan Rural PS,asha.patil922@ksp.gov.in,Admin,
KSP00923,Arjun Joshi,ASI,Kolar,Kolar North PS,arjun.joshi923@ksp.gov.in,Supervisor,
KSP00924,Divya Gowda,ACP,Raichur,Raichur Rural PS,divya.gowda924@ksp.gov.in,Supervisor,
KSP00925,Vikram Patil,DySP,Mysuru,Mysuru West PS,vikram.patil925@ksp.gov.in,Supervisor,
KSP00926,Arjun Kulkarni,SI,Bengaluru Rural,Bengaluru Rural PS,arjun.kulkarni926@ksp.gov.in,Officer,
KSP00927,Priya Shetty,ACP,Udupi,Udupi North PS,priya.shetty927@ksp.gov.in,Admin,
KSP00928,Manoj Hegde,Constable,Kodagu,Kodagu South PS,manoj.hegde928@ksp.gov.in,Admin,
KSP00929,Rahul Sharma,Head Constable,Kalaburagi,Kalaburagi Central PS,rahul.sharma929@ksp.gov.in,Admin,
KSP00930,Kavya Reddy,Head Constable,Udupi,Udupi East PS,kavya.reddy930@ksp.gov.in,Admin,
KSP00931,Priya Sharma,Inspector,Tumakuru,Tumakuru Town PS,priya.sharma931@ksp.gov.in,Supervisor,
KSP00932,Kavya Shetty,DySP,Vijayapura,Vijayapura Traffic PS,kavya.shetty932@ksp.gov.in,Admin,
KSP00933,Sneha Nair,Constable,Vijayapura,Vijayapura North PS,sneha.nair933@ksp.gov.in,Officer,
KSP00934,Aditya Rao,DySP,Kodagu,Kodagu Town PS,aditya.rao934@ksp.gov.in,Supervisor,
KSP00935,Deepa Kulkarni,ACP,Mangaluru,Mangaluru East PS,deepa.kulkarni935@ksp.gov.in,Officer,
KSP00936,Deepa Sharma,Constable,Tumakuru,Tumakuru West PS,deepa.sharma936@ksp.gov.in,Supervisor,
KSP00937,Aarav Naik,ASI,Hassan,Hassan North PS,aarav.naik937@ksp.gov.in,Admin,
KSP00938,Nisha Joshi,ASI,Bengaluru Rural,Bengaluru Town PS,nisha.joshi938@ksp.gov.in,Supervisor,
KSP00939,Rahul Patil,Head Constable,Kodagu,Kodagu East PS,rahul.patil939@ksp.gov.in,Officer,
KSP00940,Arjun Verma,Inspector,Kolar,Kolar Women PS,arjun.verma940@ksp.gov.in,Supervisor,
KSP00941,Deepa Sharma,Inspector,Bengaluru Urban,Bengaluru Town PS,deepa.sharma941@ksp.gov.in,Admin,
KSP00942,Vikram Verma,ACP,Mangaluru,Mangaluru North PS,vikram.verma942@ksp.gov.in,Officer,
KSP00943,Deepa Joshi,Inspector,Raichur,Raichur Central PS,deepa.joshi943@ksp.gov.in,Officer,
KSP00944,Deepa Rao,SI,Raichur,Raichur Traffic PS,deepa.rao944@ksp.gov.in,Supervisor,
KSP00945,Manoj Patil,Constable,Mangaluru,Mangaluru Town PS,manoj.patil945@ksp.gov.in,Officer,
KSP00946,Ananya Hegde,Head Constable,Vijayapura,Vijayapura Town PS,ananya.hegde946@ksp.gov.in,Supervisor,
KSP00947,Priya Verma,DySP,Belagavi,Belagavi West PS,priya.verma947@ksp.gov.in,Admin,
KSP00948,Suresh Hegde,Inspector,Kodagu,Kodagu Central PS,suresh.hegde948@ksp.gov.in,Supervisor,
KSP00949,Pooja Singh,Inspector,Bengaluru Urban,Bengaluru Traffic PS,pooja.singh949@ksp.gov.in,Admin,
KSP00950,Asha Singh,Inspector,Mysuru,Mysuru East PS,asha.singh950@ksp.gov.in,Supervisor,
KSP00951,Sneha Verma,ACP,Mangaluru,Mangaluru Women PS,sneha.verma951@ksp.gov.in,Officer,
KSP00952,Aditya Joshi,ASI,Mandya,Mandya Traffic PS,aditya.joshi952@ksp.gov.in,Admin,
KSP00953,Kiran Gowda,SI,Dharwad,Dharwad Town PS,kiran.gowda953@ksp.gov.in,Officer,
KSP00954,Deepa Shetty,ASI,Dharwad,Dharwad Traffic PS,deepa.shetty954@ksp.gov.in,Supervisor,
KSP00955,Nisha Reddy,DySP,Dharwad,Dharwad East PS,nisha.reddy955@ksp.gov.in,Admin,
KSP00956,Asha Rao,ACP,Mysuru,Mysuru West PS,asha.rao956@ksp.gov.in,Admin,
KSP00957,Vivaan Patil,DySP,Ballari,Ballari South PS,vivaan.patil957@ksp.gov.in,Admin,
KSP00958,Kiran Kumar,DySP,Mangaluru,Mangaluru Town PS,kiran.kumar958@ksp.gov.in,Officer,
KSP00959,Sneha Nair,ASI,Hubballi,Hubballi Central PS,sneha.nair959@ksp.gov.in,Supervisor,
KSP00960,Deepa Hegde,ASI,Davanagere,Davanagere Town PS,deepa.hegde960@ksp.gov.in,Admin,
KSP00961,Pooja Sharma,SI,Mysuru,Mysuru Cyber PS,pooja.sharma961@ksp.gov.in,Supervisor,
KSP00962,Pooja Kumar,Inspector,Udupi,Udupi Town PS,pooja.kumar962@ksp.gov.in,Admin,
KSP00963,Manoj Gowda,ACP,Belagavi,Belagavi Rural PS,manoj.gowda963@ksp.gov.in,Admin,
KSP00964,Sneha Bhat,Head Constable,Dharwad,Dharwad Town PS,sneha.bhat964@ksp.gov.in,Supervisor,
KSP00965,Ananya Joshi,Head Constable,Ballari,Ballari North PS,ananya.joshi965@ksp.gov.in,Supervisor,
KSP00966,Rohit Reddy,SI,Kolar,Kolar North PS,rohit.reddy966@ksp.gov.in,Supervisor,
KSP00967,Vikram Rao,DySP,Mandya,Mandya Town PS,vikram.rao967@ksp.gov.in,Supervisor,
KSP00968,Pooja Verma,Inspector,Dharwad,Dharwad North PS,pooja.verma968@ksp.gov.in,Supervisor,
KSP00969,Kiran Naik,DySP,Udupi,Udupi Women PS,kiran.naik969@ksp.gov.in,Supervisor,
KSP00970,Pooja Sharma,SI,Mysuru,Mysuru West PS,pooja.sharma970@ksp.gov.in,Supervisor,
KSP00971,Sneha Gowda,SI,Udupi,Udupi Traffic PS,sneha.gowda971@ksp.gov.in,Admin,
KSP00972,Pooja Sharma,DySP,Tumakuru,Tumakuru North PS,pooja.sharma972@ksp.gov.in,Admin,
KSP00973,Rohit Kumar,ASI,Vijayapura,Vijayapura Central PS,rohit.kumar973@ksp.gov.in,Officer,
KSP00974,Aarav Naik,ACP,Bengaluru Rural,Bengaluru South PS,aarav.naik974@ksp.gov.in,Admin,
KSP00975,Pooja Bhat,ASI,Bengaluru Urban,Bengaluru Town PS,pooja.bhat975@ksp.gov.in,Supervisor,
KSP00976,Manoj Bhat,Head Constable,Mangaluru,Mangaluru Traffic PS,manoj.bhat976@ksp.gov.in,Officer,
KSP00977,Arjun Sharma,DySP,Mangaluru,Mangaluru South PS,arjun.sharma977@ksp.gov.in,Admin,
KSP00978,Nisha Bhat,Inspector,Udupi,Udupi South PS,nisha.bhat978@ksp.gov.in,Admin,
KSP00979,Manoj Naik,Head Constable,Tumakuru,Tumakuru Traffic PS,manoj.naik979@ksp.gov.in,Admin,
KSP00980,Nisha Naik,Head Constable,Tumakuru,Tumakuru Central PS,nisha.naik980@ksp.gov.in,Supervisor,
KSP00981,Aarav Sharma,Constable,Davanagere,Davanagere Central PS,aarav.sharma981@ksp.gov.in,Supervisor,
KSP00982,Pooja Sharma,ASI,Kalaburagi,Kalaburagi Traffic PS,pooja.sharma982@ksp.gov.in,Officer,
KSP00983,Nisha Kulkarni,ASI,Kalaburagi,Kalaburagi Women PS,nisha.kulkarni983@ksp.gov.in,Admin,
KSP00984,Manoj Nair,Head Constable,Kalaburagi,Kalaburagi Traffic PS,manoj.nair984@ksp.gov.in,Admin,
KSP00985,Kiran Naik,DySP,Kodagu,Kodagu Traffic PS,kiran.naik985@ksp.gov.in,Officer,
KSP00986,Rahul Shetty,ASI,Bengaluru Urban,Bengaluru West PS,rahul.shetty986@ksp.gov.in,Admin,
KSP00987,Ananya Singh,DySP,Ballari,Ballari Cyber PS,ananya.singh987@ksp.gov.in,Supervisor,
KSP00988,Rahul Shetty,Constable,Kodagu,Kodagu East PS,rahul.shetty988@ksp.gov.in,Admin,
KSP00989,Rohit Sharma,Constable,Mysuru,Mysuru Town PS,rohit.sharma989@ksp.gov.in,Admin,
KSP00990,Sneha Shetty,ACP,Mysuru,Mysuru North PS,sneha.shetty990@ksp.gov.in,Officer,
KSP00991,Vikram Sharma,SI,Mandya,Mandya South PS,vikram.sharma991@ksp.gov.in,Officer,
KSP00992,Manoj Bhat,DySP,Shivamogga,Shivamogga Central PS,manoj.bhat992@ksp.gov.in,Supervisor,
KSP00993,Manoj Hegde,SI,Bengaluru Rural,Bengaluru Rural PS,manoj.hegde993@ksp.gov.in,Supervisor,
KSP00994,Vikram Rao,Head Constable,Hubballi,Hubballi Cyber PS,vikram.rao994@ksp.gov.in,Admin,
KSP00995,Divya Gowda,DySP,Bengaluru Rural,Bengaluru Town PS,divya.gowda995@ksp.gov.in,Officer,
KSP00996,Suresh Kumar,Constable,Dharwad,Dharwad Women PS,suresh.kumar996@ksp.gov.in,Supervisor,
KSP00997,Divya Verma,DySP,Mysuru,Mysuru Rural PS,divya.verma997@ksp.gov.in,Officer,
KSP00998,Megha Sharma,Constable,Vijayapura,Vijayapura Women PS,megha.sharma998@ksp.gov.in,Officer,
KSP00999,Rahul Naik,ASI,Kodagu,Kodagu West PS,rahul.naik999@ksp.gov.in,Admin,
KSP01000,Suresh Shetty,SI,Tumakuru,Tumakuru Traffic PS,suresh.shetty1000@ksp.gov.in,Supervisor,
